ID,Nombre,Categoria
"00014138","4 72 RECAUDO SERVICIOS POSTALES NAC","Otros Servicios"
"00001351","A NACIONAL","Otros Servicios"
"00015246","ABASTECIMIENTOS INDUSTRIALES SAS","Otros Servicios"
"00017417","ACADEMIA AVIACION INTERNACIONAL AV 6 NORTE 23 D 16","Otros Servicios"
"00007559","ACADEMIA COLOMBIANA DE ENSENANZA CIA LTDA","Instituciones Educativas"
"00012137","ACADEMIA DE AVIACION INTERNACIONAL","Instituciones Educativas"
"00017428","ACADEMIA GOURMET INTERNACIONAL CRA 66 NO 48 C 5","Otros Servicios"
"00025729","ACANTO PARQUE RESIDENCIAL PH","Conjuntos residenciales"
"00016990","ACCESS CENTRO EMPRESARIAL PH CALLE 127 A NO 7 19","Otros Servicios"
"00003234","ACCION CULTURAL POPULAR","Fundaciones"
"00014899","ACCION Y SERVICIOS JIREH SAS","Cooperativas"
"00025577","ACCIVAL CREDITOS MAGUIBAL JYL SAS","Otros Servicios"
"00020739","ACEROS INDUSTRIALES CL 26 No 41 140","Otros Servicios"
"00018554","ACTIVIDADES LOMAS DEL VIENTO","Otros Servicios"
"00018555","ACTIVIDADES SEDE RECREACIONAL","Otros Servicios"
"00007623","ACTUAR FAMIEMPRESAS","Otros Servicios"
"00017408","ACUALANDAYES ACUEDUCTO PA CA 57 CORR DAPA","Servicios Públicos"
"00006587","ACUEDUCTO ACUAVALLE SA ESP","Servicios Públicos"
"00014346","ACUEDUCTO AGUA RICA","Servicios Públicos"
"00004950","ACUEDUCTO AGUA VIVA SA ESP","Servicios Públicos"
"00002652","ACUEDUCTO AGUAS DE BUGA SERVI PUBLI","Servicios Públicos"
"00000019","ACUEDUCTO AGUAS DE CARTAGENA","Servicios Públicos"
"00000062","ACUEDUCTO AGUAS DE MANIZALES","Servicios Públicos"
"00002108","ACUEDUCTO AGUAS DEL NORTE","Servicios Públicos"
"00003402","ACUEDUCTO AGUAS DIBULLA SA ESP","Servicios Públicos"
"00006310","ACUEDUCTO AGUAS MARAKATA SA ESP","Servicios Públicos"
"00009273","ACUEDUCTO ALTO MAGDALENA","Servicios Públicos"
"00005405","ACUEDUCTO AQUATERRA","Servicios Públicos"
"00000052","ACUEDUCTO BUCARAMANGA","Servicios Públicos"
"00020440","ACUEDUCTO CANASGORDAS CALI","Servicios Públicos"
"00003157","ACUEDUCTO DE FUNZA","Servicios Públicos"
"00000841","ACUEDUCTO DE GIRARDOT ACUAGYR","Servicios Públicos"
"00027533","ACUEDUCTO DE SAN MIGUEL","Servicios Públicos"
"00001277","ACUEDUCTO EAAAMESP MADRID","Servicios Públicos"
"00009193","ACUEDUCTO EDESA META","Servicios Públicos"
"00004462","ACUEDUCTO EMCORINTO ESP","Servicios Públicos"
"00005442","ACUEDUCTO EMP PUB PUERTO BOYACA","Servicios Públicos"
"00003683","ACUEDUCTO EMPRESA PB DE SIBATE RDO","Servicios Públicos"
"00002589","ACUEDUCTO EMPRESA PUBLICA FRONTINO","Servicios Públicos"
"00003912","ACUEDUCTO EMPUMELGAR ESP RECAUDO","Servicios Públicos"
"00009497","ACUEDUCTO EMPUNILO SERVICIOS PUBLI","Servicios Públicos"
"00004460","ACUEDUCTO EMSERPLA ESP RECAUDO","Servicios Públicos"
"00009985","ACUEDUCTO ESP DEL SANTUARIO","Servicios Públicos"
"00000272","ACUEDUCTO ESP LA CELIA","Otras Obligaciones financieras"
"00005432","ACUEDUCTO ESP MARINILLA","Servicios Públicos"
"00001550","ACUEDUCTO ESP PACHO SA","Servicios Públicos"
"00005760","ACUEDUCTO ESPA ACACIAS","Servicios Públicos"
"00004911","ACUEDUCTO IBAL SA ESP OFICIAL","Servicios Públicos"
"00028591","ACUEDUCTO JAVA","Servicios Públicos"
"00029425","ACUEDUCTO LA REJOYA POPAYAN","Servicios Públicos"
"00014038","ACUEDUCTO MOROS","Servicios Públicos"
"00002286","ACUEDUCTO MPIO ANOLAIMA SERVI PUBL","Servicios Públicos"
"00007075","ACUEDUCTO MUN ARBELAEZ SERVI PUBLIC","Servicios Públicos"
"00009660","ACUEDUCTO OPERADORES LASIERRA SAESP","Servicios Públicos"
"00001832","ACUEDUCTO PALERMO ESP","Otras Obligaciones financieras"
"00000106","ACUEDUCTO PIEDECUESTANA SERVICIOS","Servicios Públicos"
"00000053","ACUEDUCTO POPAYAN","Servicios Públicos"
"00008245","ACUEDUCTO SAN AGUSTIN","Servicios Públicos"
"00004203","ACUEDUCTO SANTA ANA","Servicios Públicos"
"00026635","Acuerdos de Pago Banco Bta","Obligaciones Aval"
"00017427","ADMINCOP ADMON SERVICIOS CL10 505 MZ 6 CS10 INT A","Otros Servicios"
"00007750","ADMINISTRACION EDIFICIO AVE 16 CLL 161 NO 16D 10","Conjuntos residenciales"
"00022504","Administracion Flota Rentig4058","Otras Obligaciones financieras"
"00024458","Administracion Integral PhCL12B7 90","Servicios Inmobiliarios"
"00017405","ADMINISTRACION LOS LEONES LTDA CRA 18 NO 4416","Otros Servicios"
"00016878","ADMINISTRACION OPERATIVA AUTOMOTRIZ","Otros Servicios"
"00001491","ADMINISTRACION SENDEROS RECREO IL CLL 72 SUR 95 12","Conjuntos residenciales"
"00005297","ADMINISTRACION URB SANTA CATALINA CRA 72R NO 42B","Conjuntos residenciales"
"00008814","ADMINISTRACION URBA PORTON REAL CL 22A SUR NO 2 39","Conjuntos residenciales"
"00006764","ADMINISTRACIONES JAVA SAS","Servicios Inmobiliarios"
"00001498","ADMINISTRACIONES PREMIUM SAS CLL 60 SUR NO 22 A 65","Conjuntos residenciales"
"00013211","ADMINISTRACIONES SUMMA SAS","Servicios Inmobiliarios"
"00020867","ADOM SALUD DOMICILIARIA CLL 91 A NO 50 41","Otros Servicios"
"00023825","AECSA Occidente Comercial","Otros Servicios"
"00024962","AECSA OCCIDENTE JURIDICO","Otros Servicios"
"00012060","AEROCCIDENTE","Instituciones Educativas"
"00000750","AG DE VIV QUINTAS DE SANTA BARBARA ET VI I CR 118","Conjuntos residenciales"
"00016591","AG DE VIVIEN PORTALES DE VILLA LUZ ET2KR85LNo63F10","Conjuntos residenciales"
"00000744","AG DE VIVIENDA PARQ RESID NUEVO SUBA IL ET CR 101A","Conjuntos residenciales"
"00001026","AG VIVIEND NUEVA TIBABUYES SECTOR C CL130 C 123 90","Conjuntos residenciales"
"00007029","AG VIVIENDA NUEVA CIUDAD 4 EXTRAORD","Conjuntos residenciales"
"00010021","AGENCIA DE SEGUROS CM2","Empresas De Seguros"
"00008279","AGENCIA DE SEGUROS COOPSERP","Empresas De Seguros"
"00008760","AGENTE GENERAL","Otros Servicios"
"00000751","AGP QUINTAS DE SANTABARBARA III","Conjuntos residenciales"
"00017430","AGR DE VIVIENDA VILLAS MADRIGAL MZ36 CRA 96A 7540","Conjuntos residenciales"
"00007366","AGR MULTIF CIUDADELA CAFAM 3 ET CUOTA EX CRA 113C","Conjuntos residenciales"
"00002505","AGR VIVIE QUINTAS SAN MIGUEL ETAP I","Conjuntos residenciales"
"00027534","AGREMIACION DE ADMON DE PH CALI","Conjuntos residenciales"
"00014125","AGRICULTURA Y SERVICIOS SAS","Otros Servicios"
"00026650","AGROIMPORTACIONES INDUSTRIALES S A","Otros Servicios"
"00011496","AGROINDUSTRIAL MOLINO SONORA","Otros Servicios"
"00007279","AGROINDUSTRIALES CANAVERALEJO","Otros Servicios"
"00016012","AGROINDUSTRIALES DE OCCIDENTE SAS CLL 58 N 2 GN 98","Otros Servicios"
"00016592","AGROP RESID SANTAFE DEL TINTAL ET 1 EXTRAORD 2018","Conjuntos residenciales"
"00000699","AGRP CEREZOS DE NUEVA CASTILLA CLL 7 9076","Conjuntos residenciales"
"00014419","AGRU CERRADA BRISAS DE AGUA BLANCA VIS ET CL14 SUR","Conjuntos residenciales"
"00006321","AGRU DE VIVIENDA TORRES DEL DIAMANTE CL 56 85 I 06","Conjuntos residenciales"
"00002111","AGRU LOS LIMONEROS CIU COLSUBSIDIO CL 86A 111A 49","Conjuntos residenciales"
"00027489","AGRU RES SAN LUIS D CASTILLA EXTRAO","Conjuntos residenciales"
"00009155","AGRUP ALMENDROS DE NUEVA CASTILLA CLL 7 NO 90 64","Conjuntos residenciales"
"00000725","AGRUP CARLOS MEDELLIN FORERO CLL 68A SUR NO 80K 69","Conjuntos residenciales"
"00017449","AGRUP CONDOMINIOS 2 PORVENIR CL52SUR93D98","Conjuntos residenciales"
"00015481","AGRUP D CIUDADELA NUEVA TIBABUYES","Conjuntos residenciales"
"00004352","AGRUP D VIVIENDA TORRES DEL COUNTRY","Conjuntos residenciales"
"00016131","AGRUP DE COPROPIETARIOS ZONAS A Y B CL83A 98A 14","Conjuntos residenciales"
"00019665","AGRUP DE VIVI LA FONTANA 2 TORRE U","Conjuntos residenciales"
"00015662","AGRUP DE VIVI MANZ 43 VILLAMAGDALA","Conjuntos residenciales"
"00016258","AGRUP DE VIVI NUEVA TIBABUYES SECT B KR123No130C56","Conjuntos residenciales"
"00000762","AGRUP DE VIVIENDA EDIFICIO AV 39 PH AV CL 39 13 21","Conjuntos residenciales"
"00009156","AGRUP DE VIVIENDA LAURELES DE NUEVA CASTILLA CLL 7","Conjuntos residenciales"
"00005902","AGRUP DE VIVIENDA LOS EUCALIPTOS CRA 118 NO 89B 35","Conjuntos residenciales"
"00007393","AGRUP DE VIVIENDA NUEVA TIBABUYES SECT B CR123 130","Conjuntos residenciales"
"00011797","AGRUP DE VIVIENDA PORTAL DE SANT CL 54 ASUR 37 81","Conjuntos residenciales"
"00000995","AGRUP DE VIVIENDA QUINTAS DE SAN MIGUEL II CRA 87","Conjuntos residenciales"
"00000754","AGRUP DE VIVIENDA SANTA MARIA DEL CAMP ET1 CLL 163","Conjuntos residenciales"
"00007861","AGRUP DE VIVIENDA SANTA MARIA PH CRA 20 NO 184 48","Conjuntos residenciales"
"00025506","Agrup de Vivienda Torrecampo3 casas","Conjuntos residenciales"
"00001093","AGRUP DE VIVIENDA TORREMOLINOS SUPERM I CR52 16 28","Conjuntos residenciales"
"00000757","AGRUP DE VIVIENDA TORRES DEL CAMINO I CL 18 9 39","Conjuntos residenciales"
"00013831","AGRUP DE VIVIENDA VILLA COMFENALCO SUBA CRA 140B","Conjuntos residenciales"
"00017543","AGRUP DE VIVIENDA VILLA INES PH CLL 2 B NO 37 C 21","Conjuntos residenciales"
"00014936","AGRUP DE VIVIENDAS VILLAS DE MADRID I CRA 23 NO 14","Conjuntos residenciales"
"00023941","AGRUP DEVIVIENDA FUENTE DE VIDA","Conjuntos residenciales"
"00017439","AGRUP ECOLOGICA ALTOS DE POTOSI VEREDA STA ISABEL","Conjuntos residenciales"
"00015977","AGRUP QUINTAS DE SANTABARBARA II CALLE 83 A 115 07","Conjuntos residenciales"
"00007951","AGRUP RES ALCALA CONJUNTO UNO I ET PH CR 46 34A 15","Conjuntos residenciales"
"00001406","AGRUP RESID CASTILLA REAL SECTOR F CLL 11A 78D 11","Conjuntos residenciales"
"00007606","AGRUP RESID SAN DIEGO DE CASTILLA CRA 88 NO 6D 27","Conjuntos residenciales"
"00005909","AGRUP RESID SAN JUAN DE CASTILLA CLL 7 87B 90","Conjuntos residenciales"
"00005910","AGRUP RESID SAN LUIS DE CASTILLA CLL 7 NO 87B 53","Conjuntos residenciales"
"00005911","AGRUP RESID SAN PEDRO DE CASTILLA CLL 7 NO 87B 70","Conjuntos residenciales"
"00001264","AGRUP RESID SANTAFE DEL TINTAL ET 1 CR 88 NO 6A 99","Conjuntos residenciales"
"00006320","AGRUP RESIDENCIAL AMBALEMA MAIPORE CRA 3 NO 15 86","Conjuntos residenciales"
"00010257","AGRUP RESIDENCIAL AQUALINA GREEN DG 5B No 25165","Conjuntos residenciales"
"00002146","AGRUP RESIDENCIAL CAMINOS DE SIE IL CLL 3 NO 9F 81","Conjuntos residenciales"
"00008081","AGRUP RESIDENCIAL CATALINA MUÑOZ DG 4SUR NO 23D 23","Conjuntos residenciales"
"00005081","AGRUP RESIDENCIAL NUEVA TIBABUYES A CRA 123 131 61","Conjuntos residenciales"
"00000509","AGRUP RESIDENCIAL SATIBARUM CRA 69B NO 24B 55","Conjuntos residenciales"
"00009237","AGRUP RESIDENCIAL VILLA ALICIA CRA 16 NO 67 59","Conjuntos residenciales"
"00016945","AGRUP SANTA MARIA DE ALSACIA PH CL12C NO 71 B 60","Conjuntos residenciales"
"00002333","AGRUP TORRES NUEVA CASTILLA II CLL 8A NO 88 90","Conjuntos residenciales"
"00017518","AGRUP VIVIENDA EDIFICIO AMARETTO II CLL 22A 47 13","Conjuntos residenciales"
"00017448","AGRUP VIVIENDA PORTALES VILLALUZ ET1CRA 85L 63B 42","Conjuntos residenciales"
"00027004","AGRUPA VIVIENDA EDIFICIO LOS OLIVOS","Conjuntos residenciales"
"00013171","AGRUPAC VIVIENDA CASTILLA REAL CRA 79 10 D 96","Conjuntos residenciales"
"00004231","AGRUPACION CIUDADELA CAFAM ILL CRA 113C N 143 A 20","Conjuntos residenciales"
"00004924","AGRUPACION DE VIVIENDA SAN MARCOS CLL 139 94 90","Conjuntos residenciales"
"00004893","AGRUPACION DE VIVIENDA TORRECAMPO CRA 2 NO 24 02","Conjuntos residenciales"
"00000765","AGRUPACION DE VIVIENDA TORRECAMPO IL CLL 65B 88 59","Conjuntos residenciales"
"00000756","AGRUPACIÓN DE VIVIENDA TORRES CLL 18 NO 9 40","Conjuntos residenciales"
"00024743","AGRUPACION EDIFICIO QUINTERO PH","Conjuntos residenciales"
"00012472","AGRUPACION FLORESTA SAN RAFAEL PH CLL28 NO 22 A 92","Conjuntos residenciales"
"00007618","AGRUPACION MACADAMIA ETAPA B PH VDA SAN JOSE","Conjuntos residenciales"
"00025650","AGRUPACION PARQUES DE GALICIA I PH","Conjuntos residenciales"
"00000654","AGRUPACION RESID EDIF ONIX LOS PATIOS CLL 3 6 39","Conjuntos residenciales"
"00017502","AGRUPACION RESID LA FONTANA CRA 52 NO 14 40 BOGOTA","Conjuntos residenciales"
"00010812","AGRUPACION RESIDEN VILLA ZULIA 1","Conjuntos residenciales"
"00013554","AGRUPACION RESIDENCIAL CASTELL CRA 87 B 8 02","Conjuntos residenciales"
"00017500","AGRUPACION RESIDENCIAL EL PORTAL CLL 19 N 1396","Conjuntos residenciales"
"00012176","AGRUPACION RESIDENCIAL GERONA CLL 34A SUR 89 40","Conjuntos residenciales"
"00028979","AGRUPACION RESIDENCIAL LA CAMPINA","Conjuntos residenciales"
"00017501","AGRUPACION RESIDENCIAL LA CANDELARIA CLL 1 N 1191","Conjuntos residenciales"
"00009307","AGRUPACION RESIDENCIAL LA COFRADIA CRA 97 N 24B 35","Conjuntos residenciales"
"00007065","AGRUPACION RESIDENCIAL LOS YARUMOS CLL 81 N 113 39","Conjuntos residenciales"
"00023575","AGRUPACION RESIDENCIAL MALAGA","Conjuntos residenciales"
"00017503","AGRUPACION RESIDENCIAL NUEVA ANDALUCIA KR 43 18 50","Conjuntos residenciales"
"00003383","AGRUPACION RESIDENCIAL NUEVA TIBABUYES CRA 123 131","Conjuntos residenciales"
"00016912","AGRUPACION RESIDENCIAL PRIMAVERA 3","Conjuntos residenciales"
"00013922","AGRUPACION RESIDENCIAL TEJARES 1","Conjuntos residenciales"
"00015624","AGRUPACION RESIDENCIAL ZARZAMORA CA CLL 71B 87 12","Conjuntos residenciales"
"00025053","Agrupacion Rincon Del Parque","Conjuntos residenciales"
"00005914","AGRUPACION TIMIZA CENTRAL CALLE 40 SUR NO 72 Q 25","Conjuntos residenciales"
"00007967","AGRUPACION TORRES DEL PORVENIR CLL 54C SUR 100 24","Conjuntos residenciales"
"00026946","Agrupacion Torres del Porvenir Ext","Conjuntos residenciales"
"00002332","AGRUPACION TORRES NUEVA CASTILLA I CL 8 A NO 88 90","Conjuntos residenciales"
"00006336","AGRUPACION VIGIA DEL PARQUE CR 72H BIS 42 F 12 SUR","Conjuntos residenciales"
"00026432","Agrupacion Villa de los Angeles 1","Conjuntos residenciales"
"00024674","AGRUPACION VILLAS DE SAN DIEGO","Conjuntos residenciales"
"00025657","AGRUPACION VILLAS DE VIZCAYA 5","Conjuntos residenciales"
"00010239","AGRUPACION VILLAS DE VIZCAYA 9 CRA 98B 73 15 SUR","Conjuntos residenciales"
"00007028","AGRUPACION VIVIENDA NUEVA CIUDAD ET 4 CR 95 65 48","Conjuntos residenciales"
"00000005","Agua Gas Energia y Tel EPM","Servicios Públicos"
"00017473","AGUASCALIENTES1 CALLE 19 A 158 135","Conjuntos residenciales"
"00017508","ALAMEDA DE SANTABARBARA AV CLL 116 NO 9 15","Conjuntos residenciales"
"00010300","ALAMEDA DE VILLA LUZ CALLE 63F 76 66 BOGOTA","Conjuntos residenciales"
"00026303","ALAMEDA DEL PARQUE ETAPA 12","Conjuntos residenciales"
"00000731","ALANDRA CONJ RESIDENCIAL CLL 12C NO 71C 61","Conjuntos residenciales"
"00026846","ALCAZAR LIVING TORRE 3","Conjuntos residenciales"
"00012806","ALCIA SUSPENSION","Otros Servicios"
"00026007","ALEGRIAS DE LA VILLA","Conjuntos residenciales"
"00026808","ALEJANDRIA REAL 2 MOSQUERA","Conjuntos residenciales"
"00015927","ALEJANDRIA REAL ET V PH CRA 5 8 26","Conjuntos residenciales"
"00004846","ALEJANDRIA REAL I PARQUE RESIDENCIAL CLL 7 NO 5 29","Conjuntos residenciales"
"00003061","ALEJANDRIA REAL PARQ RESID ET ILL MOSQ CRA 5 7 36","Conjuntos residenciales"
"00007630","ALEJANDRIA REAL PARQUE RESID ET 4 CRA 5 NO 7 A 44","Conjuntos residenciales"
"00013766","ALEMSYS PAGOS EN LINEA","Otros Servicios"
"00026446","ALFONSO MUNOZ AGASAJOS EVENTOS","Otros Servicios"
"00011064","ALIGERSA SAS PAGOS ADMINISTRACION","Otros Servicios"
"00000420","ALIMENTOS MULTINACIONALES","Otros Servicios"
"00005660","ALLIANZ SEGUROS","Empresas De Seguros"
"00005661","ALLIANZ VIDA","Empresas De Seguros"
"00004873","ALONDRA CONJUNTO RESIDENCIAL DG 56 BIS SUR 84 A 20","Conjuntos residenciales"
"00027089","Alondra Conjunto Residencial Ext","Conjuntos residenciales"
"00018569","ALPOPULAR SA","Otros Servicios"
"00027191","ALTAGRACIA CALI AV 5 BN No 21 79","Centros Comerciales"
"00002442","ALTAMIRA CONJUNTO RESIDENCIAL CL 55 SUR NO 95B 67","Conjuntos residenciales"
"00016934","ALTAVISTA NORMANDIA ET1 CALI AV6 OESTE NO5 OESTE","Conjuntos residenciales"
"00000776","ALTERNATIVA DE SERVICIOS SA","Otros Servicios"
"00022383","ALTERNATIVA DE SERVICIOS SA CRA 49 NO 58 44","Otros Servicios"
"00017470","ALTO PANCE CONDMINIO CAMPESTRE CALI CRA 140 NO305","Conjuntos residenciales"
"00015782","ALTO PIAMONTE TORRE 3","Conjuntos residenciales"
"00000584","ALTOS DE MORINDA CONJUNTO CERRADO CRA 17 57N 590","Conjuntos residenciales"
"00017464","ALTOS DE SANTA INES POPAYAN CRA 5 B ESTE NO 10 35","Conjuntos residenciales"
"00027821","ALTOS DE VILLA CAFE PH IBAGUE","Conjuntos residenciales"
"00026221","AM ADMINISTRACIONES SAS","Otros Servicios"
"00011003","AMISTAD POPULAR","Otros Servicios"
"00005919","ANDALUCIA REAL CONJUNTO RESIDENCIAL CL 181 NO 9 30","Conjuntos residenciales"
"00011489","ANDES PLAZA CENTRO COMERCIAL CHIA KR 1C NRO 12 39","Centros Comerciales"
"00010132","ANDES SERVICIO DE CERTIFICACION DIGITAL SA CRA 27","Otros Servicios"
"00011851","ANGIOGRAFIA DE OCCIDENTE SA","Otros Servicios"
"00020348","ANTILIA RESIDENCIAL","Conjuntos residenciales"
"00020473","APARTAMENTOS EDIFICIO CARMA","Conjuntos residenciales"
"00022882","APARTAMENTOS VISSANI PH","Conjuntos residenciales"
"00026531","Apoyo empresarial G SAS","Otras Obligaciones financieras"
"00030138","APP SERVICLUB SAS","Conjuntos residenciales"
"00017484","APRENDO ABA IPS SAS CALLE 79 5935","Salud y medicina"
"00021089","AR NUEVA TIBABUYES SECTOR A EXTRAOR","Conjuntos residenciales"
"00007033","ARBOLEDA DE SAN GABRIEL I Y IL CLL 3 SUR NO 70 81","Conjuntos residenciales"
"00030249","ARBOLEDA REAL PH ARMENIA","Conjuntos residenciales"
"00001738","ARBOLEDA SAN GABRIEL V CLL 3 SUR NO 70 25","Conjuntos residenciales"
"00014081","AREA INDUSTRIAL INMOBILIARIA","Servicios Inmobiliarios"
"00014161","AREKA CONJUNTO RESIDENCIAL CRA 119 A 60 56 CALI","Conjuntos residenciales"
"00025747","ARESS Seguros","Empresas De Seguros"
"00017513","ARIADNA ESTETICA INTEGRAL IPS CRA 100 16 106 PI 2","Otros Servicios"
"00024199","ARMARIOS VILLA CLAUDIA","Conjuntos residenciales"
"00012706","ARMONIZA TU VIDA FRANCELY CRA 28B N71A 31 APTO 202","Otros Servicios"
"00015866","ARRAYANES DE SANTA BARBARA PH CRA 17A NO 113 74","Conjuntos residenciales"
"00001505","ASEPEMCALI","Otros Servicios"
"00016207","ASESORIA Y SERVICIOS SAS","Conjuntos residenciales"
"00023043","ASESORIAS EMPRESARIALES LTS SAS","Otros Servicios"
"00012295","ASESORIAS LEGALES Y SERVICIOS CRA 83F 53A 58","Otros Servicios"
"00005242","ASG SANAS AGENCIA DE SEGUROS LTDA","Empresas De Seguros"
"00009702","ASIEMCALI","Otros Servicios"
"00000468","ASISTIR IPS Y HSE SU COMPANIA EN SA","Salud y medicina"
"00006545","ASMET SALUD EPS","Salud y medicina"
"00004607","ASO NACIONAL DEL SECT CALZADO CUERO","Otros Servicios"
"00000923","ASOC COLOMBIANA DE GENETICA HUMANA AV CL100 11B 04","Cooperativas"
"00026047","ASOC COPROP EDIFICIO GALAXIA","Conjuntos residenciales"
"00016999","ASOC COPROPIETARIOS CONJUNTO RESID CL 14C NO 48 55","Conjuntos residenciales"
"00017578","ASOC COPROPIETARIOS ED ENTREMARES BGRANDE CR3 6 75","Conjuntos residenciales"
"00017511","ASOC COPROPIETARIOS TORRELADERA CRA 80 NO 146 07","Conjuntos residenciales"
"00017581","ASOC DE COOPROPIETARIOS EDIFICIO AV CRA 5 NO 15 11","Conjuntos residenciales"
"00023214","ASOC DE COPROPIETARIOS ARCO CLL 151 F NO 117 39","Otros Servicios"
"00009381","ASOC DE COPROPIETARIOS DEL CONJ RES PLAZUELA KR 25","Conjuntos residenciales"
"00029660","ASOC DE PENSIONADOS ACPR SECTO","Conjuntos residenciales"
"00021186","ASOC DE USUARIOS ACUEDUCTO LA TOLDA","Otros Servicios"
"00015550","Asoc Nuevo Futuro De Colombia","Fundaciones"
"00017584","ASOC USUAR ACUEDUCTO RURAL SAN JOSE TRIUNFO LA C","Otros Servicios"
"00017586","ASOC VIVIEN POPULAR LA VICENT RESER PAUJIL CL 131","Otros Servicios"
"00024477","asocampestre vecinos santana previo","Conjuntos residenciales"
"00013632","ASOCIA DE COPROP URBAN VILLA DEL ROBLE CLL30 2 No 03","Conjuntos residenciales"
"00026391","ASOCIACION COLOMBIANA DE ARTES MARC","Fundaciones"
"00000987","ASOCIACION COPROPIETARIOS URB SERRANIA CR20B45C120","Conjuntos residenciales"
"00029043","ASOCIACION EDIFICIO CAROLINA","Conjuntos residenciales"
"00025896","ASOCIACION EDIFICIO MARISCAL","Conjuntos residenciales"
"00000565","ASOCIACION LIGA DE NUEVA VIDA","Instituciones Educativas"
"00010792","ASOCIACION NACIONAL DE CAJAS","Otros Servicios"
"00013575","ASOCIACION PASION Y VIDA","Otros Servicios"
"00002558","ASOCIACION SUSCRIPTORES ACUEDUCTO","Otros Servicios"
"00001006","ASOFORESTAL ACUEDUCTO","Cooperativas"
"00002034","ASS VIDA LTDA","Empresas De Seguros"
"00001010","ASUSALUD INTEGRAL SAS","Otros Servicios"
"00017574","ATARDECERES PARQUE RESIDENCIAL CRA 41 D NO 84 A 49","Conjuntos residenciales"
"00021753","ATI Labor Empresarial Bogota","Otros Servicios"
"00023363","ATI Labor Empresarial Boyaca","Otros Servicios"
"00023215","ATI Labor Empresarial Valle","Otros Servicios"
"00009435","ATLETICO NACIONAL","Otros Servicios"
"00017573","AUTOPAGOS CLL 32 E NO80 A 57 INT 201","Otros Servicios"
"00023732","AV NUEVA CIUDAD ESTAPA 2 PH","Conjuntos residenciales"
"O0407","AV VILLAS CREDITO FACTORING","Obligaciones Aval"
"O0408","AV VILLAS PAGO AVALUOS","Otras Obligaciones financieras"
"00024118","AVALETH PH","Conjuntos residenciales"
"00023722","AVALON HILLS CONDOMINIO CHIA","Conjuntos residenciales"
"00008770","Avancop Cooperativa Ahorro Credito","Cooperativas"
"00027405","AVANSALUD MEDICAL IPS SAS","Otros Servicios"
"00023057","AVANZA INTERNACIONAL GROUP SAS","Otros Servicios"
"00017537","AVENIDA DEL RIO TORRE CR 1 OESTE 9 59","Conjuntos residenciales"
"00020349","AVV SANTA MARIA DE SUBA EXTRAORDINA","Conjuntos residenciales"
"00015562","AXA ASISTENCIA IPS","Otros Servicios"
"00025232","AYS ASESORIA SERVICIOS EN SALUD SAS","Conjuntos residenciales"
"00014184","AZALEA CONJUNTO RESIDENCIAL","Conjuntos residenciales"
"00017585","AZOR CONJ RESID ET 1 VIA CV CALI JAM NO80 CCOUNTRY","Conjuntos residenciales"
"00017462","AZUL CLUB RESIDENCIAL CELESTE","Conjuntos residenciales"
"00000465","B2BCAMARA COMERCIO DE MEDELLIN","Otros Servicios"
"00000155","B2C U PARQUES NACIONALES","Otros Servicios"
"00000126","B2C VILLEGAS EDITORES","Otros Servicios"
"00001020","BALCONES COSTA AZUL SERVICIO KM 19 VIA A CIENAGA","Conjuntos residenciales"
"00001740","BALCONES DE SAN DIEGO CLL 27 NO 3 A 35","Conjuntos residenciales"
"00012962","BALCONES DE SAN JUAN CRA 22 B SUR 21","Conjuntos residenciales"
"00017001","BALCONES DE SANTA PAULA CARRERA 14 106A 43","Conjuntos residenciales"
"00024413","BALCONES DE SANTA RITA PH CHIA","Conjuntos residenciales"
"00024599","BALCONES DE SEVILLA KR 50 N 102A 13","Conjuntos residenciales"
"00005303","BALCONES DEL PARQUE CRA 7D NO 127C 94","Conjuntos residenciales"
"00022836","BALCONES PLAZA D COMERCIAL","Centros Comerciales"
"00000209","BANCO ARQUID DE ALIMENTOS","Fundaciones"
"00000850","Banco Contactar","Otras Obligaciones financieras"
"00003526","BANCO CREDIFINANCIERA ALIADOS","Otros Servicios"
"00001131","BANCO DE ALIMENTOS DE CALI","Fundaciones"
"O0106","BANCO DE BOGOTÁ - ADELANTO DE NÓMINA","Obligaciones Aval"
"O0111","Banco De Bogotá - CeroPay","Obligaciones Aval"
"O0107","BANCO DE BOGOTÁ - CREDIESTUDIANTIL","Obligaciones Aval"
"O0101","BANCO DE BOGOTÁ - CREDISERVICE","Obligaciones Aval"
"O0102","BANCO DE BOGOTÁ - CRÉDITO HIPOTECARIO","Obligaciones Aval"
"O0108","BANCO DE BOGOTÁ - LIBRANZA","Obligaciones Aval"
"O0109","BANCO DE BOGOTÁ - LIBRE DESTINO","Obligaciones Aval"
"O0103","BANCO DE BOGOTÁ - OTROS CRÉDITOS","Obligaciones Aval"
"O0104","BANCO DE BOGOTÁ - TARJETA DE CRÉDITO MASTERCARD","Obligaciones Aval"
"O0105","BANCO DE BOGOTÁ - TARJETA DE CRÉDITO VISA","Obligaciones Aval"
"O0110","BANCO DE BOGOTÁ - VEHÍCULO","Obligaciones Aval"
"00015211","BANCO DE LAS OPORTUNIDADES CARTERA","Cooperativas"
"O0210","BANCO DE OCCIDENTE - CRÉDITO ROTATIVO","Obligaciones Aval"
"O0203","Banco De Occidente - Ordinaria - Fomento - Unidirecto - Factoring - Tesorería y Créditos Especiales","Obligaciones Aval"
"O0214","BANCO DE OCCIDENTE - PAGO TARJETA DE CRÉDITO CREDENCIAL MASTERCARD","Obligaciones Aval"
"O0212","BANCO DE OCCIDENTE - PAGO TARJETA DE CRÉDITO VISA","Obligaciones Aval"
"O0202","Banco de Occidente - Prestamo Personal, Libranza y Vehiculos","Obligaciones Aval"
"O0209","BANCO DE OCCIDENTE - UNIVERSIDAD GARANTIZADA","Obligaciones Aval"
"00000104","Banco de Occidente Leasing Vivienda y Constructor","Obligaciones Aval"
"00009506","Banco de Occidente Prestamo Dinamico","Obligaciones Aval"
"00013504","BANCO DIOCESANO DE ALIMENTOS R","Otros Servicios"
"00001441","BANCO FINANDINA","Otras Obligaciones financieras"
"00010648","BANCO MUNDO MUJER","Otros Servicios"
"O0303","BANCO POPULAR - TARJETA DE CRÉDITO VISA - MASTERCARD","Obligaciones Aval"
"00013546","Banco Popular Credito de Vivienda","Otras Obligaciones financieras"
"00007287","Banco Popular EPIK","Obligaciones Aval"
"O0304","Banco Popular Libre Destino Leasing Comercial Constructor Microcrédito (Ex)Empleado","Obligaciones Aval"
"00016833","BANCO POPULAR NEGOCIACIONES","Obligaciones Aval"
"00003908","BANCO POPULAR TARJETA EXPRES Y TARJETA LA 14","Obligaciones Aval"
"00015040","Banco Santander Credito de Consumo","Otras Obligaciones financieras"
"00015042","BANCO SANTANDER CREDITO VEHICULOS","Otras Obligaciones financieras"
"00017567","BANYO CONJUNTO RESIDENCIAL CALI CL 50 9974","Conjuntos residenciales"
"00007972","BARBOSA SEGUROS SUC BMANGA","Empresas De Seguros"
"00012276","BARU MOTORS CARTAGENA","Otros Servicios"
"00024259","BBVA EFECTIVO CARTERA COLECTIVA","Otros Servicios"
"00029388","BBVA FIDUCIARIA FIC FAM","Otros Servicios"
"00029389","BBVA FIDUCIARIA FIC PAIS","Otros Servicios"
"00001044","BEGONIA CONJUNTO RESIDENCIAL CRA 32 NO 12 198","Conjuntos residenciales"
"00026025","BELLEZA AL DIA INTERNACIONAL","Otros Servicios"
"00017587","BELVENTO CONDOMINIO CL 43 35 44 EDIFICIOBELVENTO","Conjuntos residenciales"
"00000335","BERKLEY SEGUROS COLOMBIA SA","Empresas De Seguros"
"00017575","BIENES CORPORATIVOS AUT MEDELLIN KM 3 PUNTO 5 TTCB","Otros Servicios"
"00025685","Bilym Servicios SAS","Otros Servicios"
"00023069","BINGOS UNIDOS NACIONALES SAS","Otros Servicios"
"00009048","BITWAY INTERNACIONAL SAS CLL 5 NORTE 18A 92","Otros Servicios"
"00013392","BLUECARE SALUD S A S","Otros Servicios"
"00014782","BMANGA EDIFICIO PUNTA DEL ESTE","Conjuntos residenciales"
"00017540","BODEGAS ARROYOHONDO CLL 11 NRO 3247","Otros Servicios"
"00014749","BOG AMERICAS CENTRO EMPRESARIAL","Conjuntos residenciales"
"00000401","BOMBAS Y SERVICIOS DEL CASANARE","Otros Servicios"
"00026028","BONAIRE CLUB RESIDENCIAL PH","Conjuntos residenciales"
"00027561","BOSQUE REAL EXTRAORDINARIA","Conjuntos residenciales"
"00012628","BOSQUE RESERVA RESIDENCIAL PH CRA 87 NRO 131C 89","Conjuntos residenciales"
"00014659","BOSQUE RESIDENCIAL APARTAMENTOS","Conjuntos residenciales"
"00024183","BOSQUELARGO PARQUE RESIDENCIAL","Conjuntos residenciales"
"00016767","BOSQUES DEL RIO MEDELLIN","Conjuntos residenciales"
"00012042","BOSTON RESERVADO CONJUNTO RESI CRA 104 A N 2033","Conjuntos residenciales"
"00028037","BOTON AVAL VALIDDA","Otros Servicios"
"00012383","BOTON DE PAGOS BQ AVALUOS","Otros Servicios"
"00015592","BP SURTICREDITOS SAS","Otros Servicios"
"00007256","BRISAS DE GIRARDOT 6 KM 3 VIA GIRARDOT TOCAIMA","Conjuntos residenciales"
"00017541","BRISAS DE ORIENTE CLL 59 NRO 3A 30","Conjuntos residenciales"
"00006399","BRISAS DE ROBLEDO MANZANA A CRA 89 92 C 64","Conjuntos residenciales"
"00008905","BRISAS DE ROBLEDO MANZANA E PH","Conjuntos residenciales"
"00028658","BRISAS DEL ROSAL","Conjuntos residenciales"
"00001541","BUCARAMANGA VIDRIOS TEMPLADOS","Otros Servicios"
"00013209","BUENAVISTA CLUB Y CONDOMINIO P CRA 14 NO46157","Conjuntos residenciales"
"00028286","BUGANVILLA P H ETAPA 1","Conjuntos residenciales"
"00017650","C COMERCIAL FIESTA FONTIBON CRA 100 1859 ADMON","Centros Comerciales"
"00026277","C COMERCIAL SAN ANDRESITO PH","Centros Comerciales"
"00017625","C EMPRESARIAL OSVAR AVENIDA 116 NO 15 B 26 BOGOTA","Otros Servicios"
"00001633","C R LA ALAMEDA DEL PORVENIR ET","Conjuntos residenciales"
"00001656","C R PARQUE CENTRAL COLINA SEGU","Conjuntos residenciales"
"00001659","C R PARQUES DE BOGOTA CEREZO P","Conjuntos residenciales"
"00010348","C R SENDEROS DE PORVENIR IV","Conjuntos residenciales"
"00012876","CABLE SERVICIOS SA","Otros Servicios"
"00013703","CafeOccidente","Otros Servicios"
"00030071","CAJA DE COM FAMILIAR","Otros Servicios"
"00011763","CAJA DE COMP FAM COMFATOLIMA AV AMBALA CL69 19 109","Instituciones Educativas"
"00011656","CAJA DE COMP FAMILIAR DEL MAGDAL","Otros Servicios"
"00007572","CAJA DE COMPENSACION FAMILIAR CAFAM","Otras Obligaciones financieras"
"00019748","CAJA DE RETIRO DE LAS FUERZAS MILIT","Otros Servicios"
"00014743","Cajas SICACOM","Telecomunicación"
"00001335","CAJASAN COLEGIO","Instituciones Educativas"
"00001314","CAJASAN CREDITO","Otras Obligaciones financieras"
"00024231","CAJASAN CULTURA","Otros Servicios"
"00006512","CAJASAN ETDH","Servicios De Transporte"
"00006338","CAJASAN FOSFEC","Otros Servicios"
"00024212","CAJASAN SALUD IPS","Otros Servicios"
"00024211","CAJASAN VIVIENDA","Otros Servicios"
"00001542","CAJASAN ZAFIRO","Otras Obligaciones financieras"
"00007519","CALIFORNIA DE EL POBLADO CRA 41 NO 24 131","Conjuntos residenciales"
"00026464","CALLE REAL DE LA HACIENDA CL 68 13B","Conjuntos residenciales"
"00029385","CALYPSO BARRANQUILLA","Otros Servicios"
"00001977","CALZATODO BUCARAMANGA","Otros Servicios"
"00002356","CAMARA DE COMERCIO DE BARRANQUILLA","Otros Servicios"
"00004032","CAMARA DE COMERCIO DE BUCARAMANGA","Otros Servicios"
"00007600","CAMARA DE COMERCIO DE CARTAGENA","Otros Servicios"
"00009042","CAMARA DE COMERCIO DE MEDELLIN","Otros Servicios"
"00025720","Camino Real 9 Etapa 3 CUOTA EXTRA","Conjuntos residenciales"
"00015194","camino real III","Conjuntos residenciales"
"00000549","Camino Real IX Cll 9b 54 61","Conjuntos residenciales"
"00018717","CAMINO REAL VI ETAPA","Conjuntos residenciales"
"00007930","CAMINO REAL VII CLL 9 B NO 50 100","Conjuntos residenciales"
"00010176","CAMINO VIEJO CLUB RESIDENCIAL TRANV 7 No 51N 24","Conjuntos residenciales"
"00028021","CAMINOS DE CALIBIO ALCANTARILLADO","Conjuntos residenciales"
"00023634","CAMINOS DE LA PRADERA CONJUNTO CERR","Conjuntos residenciales"
"00001602","CAMINOS DEL PORVENIR V KR 100 56 F 15 SUR","Conjuntos residenciales"
"00005396","CAMPANA SERVICIOS DE ACERO","Otros Servicios"
"00016961","CAMPANARIO CENTRO COMERCIAL CARRERA 9 NO 24AN 21","Centros Comerciales"
"00009460","CAMPO REAL CONJUNTO RESIDENCIAL CRA 2 22 BN 115","Conjuntos residenciales"
"00002109","CAMPOALTO ACESALUD SAS","Otros Servicios"
"00001800","CAMPOS DEL BOSQUE CONJ RESIDENCIAL CRA 98 53 105","Conjuntos residenciales"
"00028140","CAMPUS CLUB RESERVADO PH","Conjuntos residenciales"
"00016697","CANELO CONJ RESIDENCIAL ETAPA 1","Conjuntos residenciales"
"00001427","CAÑAVERALEJO ETAPA 1 CONJUNTO RESID CL 6 NO 61 109","Conjuntos residenciales"
"00018884","CARANDU PARQUE RESIDENCIAL PH","Conjuntos residenciales"
"00007823","CARDIQUE SERVICIOS AMBIENTALES","Otros Servicios"
"00011477","CARIBE PLAZA CENTRO COMERCIAL","Centros Comerciales"
"00011289","CARNAVAL DE BARRANQUILLA SAS","Otros Servicios"
"00001806","CASA CAMPO CONJUNTO RESID ET I AV SANTO DOMINGO","Conjuntos residenciales"
"00016993","CASA CLUB EL POBLADO","Conjuntos residenciales"
"00025584","CASA REAL 23 INMOBILIARIA SAS","Conjuntos residenciales"
"00017628","CASTELLANA REAL CALLE 147 7 G 30","Conjuntos residenciales"
"00004450","CASTILLA LA NUEVA CALLE 10B NO 81F 20","Conjuntos residenciales"
"00009354","CASTILLA REAL IL SECTOR ETAPA B CRA 79 NO 10 54","Conjuntos residenciales"
"00024010","CC Cabecera ILL Et parqueaderos","Conjuntos residenciales"
"00012160","CC CABECERA ILL ZONAS COMUNES CRA 35 A No5182","Centros Comerciales"
"00024763","CC CHICO CENTRO BOGOTA","Centros Comerciales"
"00029830","CC EL PARQUE DE ITAGUI CR 50 50 28","Centros Comerciales"
"00014458","CC EMPRESARIAL GUADALUPE PH","Centros Comerciales"
"00014132","CC LAGUNA AGRUP 5 DE LA URB NUEVA TIBABUYES PH","Centros Comerciales"
"00002872","CC MEGACENTRO INTERNACIONAL PH CRA 6 16 47","Centros Comerciales"
"00006723","CC PANAMA PUERTO COMERCIAL PH DG 182 NO 20 91","Centros Comerciales"
"00001809","CC POPULAR 2 SANDREXITOS","Centros Comerciales"
"00001363","CC SAN ANDRESITO DEL SUR LA 80","Centros Comerciales"
"00003207","CC SAN ANDRESITO NORTE CL 195 21 48","Centros Comerciales"
"00017604","CC SAN ANDRESITO PALMIRA CRA 27 NO 3068","Centros Comerciales"
"00012281","CC SANTA BARBARA DRIVE AV 19 122 49","Centros Comerciales"
"00003195","CC SHOPPING LAS FUENTES CLL 20 NO 6 AN 19 CALI","Conjuntos residenciales"
"00012987","CC UNICENTRO PAGO ADMON Y SEGUROS","Centros Comerciales"
"00008925","CC UNICENTRO PAGO CONCESION Y OTRO","Centros Comerciales"
"00008900","CC Y EMPRESARIAL OBELISCO PH CRA 74 NO 48 37","Conjuntos residenciales"
"00017651","CCOMERCIAL ALEJANDRIA KM 3 FLANDES VIA ESPINAL","Centros Comerciales"
"00017616","CCOMERCIAL UNICENTRO PASTO OFICINA ADMINISTRATIVA","Centros Comerciales"
"00017656","CCOMERCIAL Y RESID EL BOSQUE ARMEN CR14 14 NTE 80","Centros Comerciales"
"00006243","CDA SEDE CARTAGENA","Instituciones Educativas"
"00015596","CDI SA BUCARAMANGA","Otros Servicios"
"00016188","CEAL SERVICIOS SAS KM4 VIA LA MESA SECTOR LOS PUEN","Otros Servicios"
"00025838","CEN CORPORACION EDUCATIVA NACIONAL","Instituciones Educativas"
"00025818","CENT COMERCIAL RESIDENCIAL EL BUQUE","Conjuntos residenciales"
"00017600","CENTEMPRESARIAL COMERCIAL STUTTGART CRA 21 169 76","Otros Servicios"
"00013259","CENTRAL PARK CONDOMINIO CRA 20 3751 BUCARAMANGA","Centros Comerciales"
"00014810","CENTRAL PARK EMPRESARIAL","Conjuntos residenciales"
"00013887","CENTRO ADM Y COMERCIAL BUNDE PH","Centros Comerciales"
"00003190","CENTRO AERONAUTICO DE COLOMBIA CRA 49 A NO 93 55","Conjuntos residenciales"
"00003382","CENTRO CIAL SAN SUR PROP HORIZONTAL CRA 18 59 67","Centros Comerciales"
"00027281","CENTRO COMERCIAL ANTONIO NARINO","Centros Comerciales"
"00024840","CENTRO COMERCIAL AUTOPISTA 184 PH","Centros Comerciales"
"00007454","CENTRO COMERCIAL AVENIDA CALLE 68 CLL 72 NO 70D 25","Centros Comerciales"
"00016217","CENTRO COMERCIAL BAMBUSA PLAZA CRA 19 NO 18 A 130","Centros Comerciales"
"00020188","CENTRO COMERCIAL BAZAR 20 DE JULIO","Centros Comerciales"
"00002210","CENTRO COMERCIAL BUCACENTRO CALLE 33 NO 18 36","Centros Comerciales"
"00025265","CENTRO COMERCIAL CALERA GARDENS PH","Centros Comerciales"
"00013212","CENTRO COMERCIAL CANAVERALEJO","Centros Comerciales"
"00017603","CENTRO COMERCIAL CAPRI PH CLL 5 NO 76 00","Centros Comerciales"
"00009374","CENTRO COMERCIAL CARIBE CRA 38 N 9 32","Centros Comerciales"
"00017629","CENTRO COMERCIAL CHAPICENTRO CRA 13 NRO 61 47","Centros Comerciales"
"00013234","CENTRO COMERCIAL CHIPICHAPE","Centros Comerciales"
"00017589","CENTRO COMERCIAL CINEMAS CABECERA CRA 35 NO 48131","Centros Comerciales"
"00009060","CENTRO COMERCIAL COLON PLAZA CRA 1 NO 61A 30","Centros Comerciales"
"00016147","CENTRO COMERCIAL CONSTELACION CRA 9 N 14 94 PISO 3","Centros Comerciales"
"00001817","CENTRO COMERCIAL EL DIAMANTE II CLL 16 NO 5 56","Centros Comerciales"
"00021081","CENTRO COMERCIAL EL GRAN SAN VICTOR","Centros Comerciales"
"00013130","CENTRO COMERCIAL EL PARQUE CRA 31 NO 36 13","Centros Comerciales"
"00003001","CENTRO COMERCIAL EL TREBOL PH MOSQ CRA 3 NO 13 12","Centros Comerciales"
"00022971","CENTRO COMERCIAL ESTACION ARMENIA","Centros Comerciales"
"00026776","CENTRO COMERCIAL FEGHALI","Centros Comerciales"
"00024226","CENTRO COMERCIAL FUTURO 140 PH","Centros Comerciales"
"00011987","CENTRO COMERCIAL GALAXCENTRO 18 BOGOTA CR 10 17 67","Centros Comerciales"
"00026341","CENTRO COMERCIAL GALERON","Centros Comerciales"
"00017639","CENTRO COMERCIAL GRAFICENTRO PH CRA 28 NO 1071","Centros Comerciales"
"00014973","CENTRO COMERCIAL GRATAMIRA","Centros Comerciales"
"00016726","CENTRO COMERCIAL HABITAT","Centros Comerciales"
"00003193","CENTRO COMERCIAL HACIENDA VILLA NUEVA AV 13 N 4 05","Centros Comerciales"
"00015900","CENTRO COMERCIAL HORIZONTE","Centros Comerciales"
"00014949","CENTRO COMERCIAL JARDIN DEL RIO","Centros Comerciales"
"00026250","CENTRO COMERCIAL LA CASONA","Centros Comerciales"
"00008511","CENTRO COMERCIAL LA HERRERIA KM 21 VIA CALI JAMUND","Centros Comerciales"
"00016926","CENTRO COMERCIAL LAESTACION POPAYAN","Centros Comerciales"
"00017613","CENTRO COMERCIAL LAS RAMPAS CRA 24 NO 67 28","Centros Comerciales"
"00016820","CENTRO COMERCIAL LOS CENTAUROS","Centros Comerciales"
"00017614","CENTRO COMERCIAL LOS CRISTALES CRA 9 1851","Centros Comerciales"
"00017649","CENTRO COMERCIAL LOS SAUCES CR 66 49B 20 OF 220A","Centros Comerciales"
"00006128","CENTRO COMERCIAL MANHATTAN PH CLL 9 BIS NO 19A 38","Centros Comerciales"
"00014788","CENTRO COMERCIAL MEGACENTRO","Centros Comerciales"
"00014323","CENTRO COMERCIAL NUESTRO BOGOTA","Centros Comerciales"
"00009369","CENTRO COMERCIAL NUEVA ERA PH CRA 19 NO 9 11","Centros Comerciales"
"00015111","CENTRO COMERCIAL PARQUE HEREDIA","Centros Comerciales"
"00016798","CENTRO COMERCIAL PASAJE REAL","Centros Comerciales"
"00022387","CENTRO COMERCIAL POPULAR 2 SAN CRA 3 NO 16 51","Otros Servicios"
"00018665","CENTRO COMERCIAL SAN AGUSTIN PH","Centros Comerciales"
"00005924","CENTRO COMERCIAL SAN ANDRESITO AV CALLE 68","Centros Comerciales"
"00023488","CENTRO COMERCIAL SAN CARLOS","Centros Comerciales"
"00016266","CENTRO COMERCIAL SAN FACON CRA 21 NO 13 A 04","Centros Comerciales"
"00007874","CENTRO COMERCIAL SAN JOSE PLAZA","Centros Comerciales"
"00021030","CENTRO COMERCIAL SANTA ANA PH","Centros Comerciales"
"00023758","CENTRO COMERCIAL SANTIAGO CALI","Centros Comerciales"
"00020882","CENTRO COMERCIAL UNICENTRO D OCCIDENTE CR111C 86 5","Centros Comerciales"
"00003198","CENTRO COMERCIAL Y EMPRESARIAL JARDIN CENTRAL","Centros Comerciales"
"00026226","CENTRO DE SALUD EL ROSARIO","Conjuntos residenciales"
"00023884","CENTRO EJECUTIVO PARQUE LLERAS","Conjuntos residenciales"
"00001837","CENTRO EMPRESARIAL GARCIA ROVI CLL 41 NO 11 05","Conjuntos residenciales"
"00013529","CENTRO EMPRESARIAL TORR CENTENARIO","Conjuntos residenciales"
"00023494","CENTRO MEDICO CLINICA BUCARAMANGA","Conjuntos residenciales"
"00002961","CENTRO RESIDENCIAL AVENIDA CHILE CRA 62 NO 70 B 16","Conjuntos residenciales"
"00001843","CENTRO RESIDENCIAL DEL ESTE CARRERA 29 NO 49 49","Conjuntos residenciales"
"00017681","CENTRO RESIDENCIAL JUAN DEL CO CL 123","Conjuntos residenciales"
"00000810","CENTRO SALUD ANIMAL","Otros Servicios"
"00029730","CEPILLOS INDUSTRIALES EL TRIUN","Otros Servicios"
"00027410","CERRITOS RESERVADO PARQUE RESIDENCI","Conjuntos residenciales"
"00008720","CERRO AZUL CONJUNTO RESIDENCIAL","Conjuntos residenciales"
"00022915","CERTIGAS DE OCCIDENTE SAS","Otros Servicios"
"00023015","CESTELCO EMPRESARIAL TULUA SAS","Instituciones Educativas"
"00001845","CHAPARRO VARGAS BLANCA CECILIA","Otros Servicios"
"00002138","Chevrolet Servicios Financieros GMF","Otras Obligaciones financieras"
"00001250","CHILDREN CHANGE COLOMBIA LTD","Fundaciones"
"00005859","CHUBB SEGUROS","Empresas De Seguros"
"00011597","CIA GENERAL DE ACEROS","Otros Servicios"
"00025422","CIUDAD DEL PARQUE BARI","Conjuntos residenciales"
"00023189","CIUDAD DEL PARQUE KATIOS","Conjuntos residenciales"
"00026929","CIUDAD DEL PARQUE TAYRONA APTOS","Conjuntos residenciales"
"00029140","CIUDAD TORREON CIPRES","Conjuntos residenciales"
"00026479","CIUDAD TORREON EL CEDRO PH","Conjuntos residenciales"
"00017383","CIUDAD TORREON EL ROBLE PH IBAGUE","Conjuntos residenciales"
"00018173","CIUDAD TORREON RL NOGAL PH IBAGUE","Conjuntos residenciales"
"00001947","CIUDADELA BRISAS DE GUADALUPE CR 56 NO 7 156 OESTE","Conjuntos residenciales"
"00004758","CIUDADELA CAFAM 2 AGRUPACION 13 CRA 145 NO 142 47","Conjuntos residenciales"
"00001981","CIUDADELA CAFAM 2 AGRUPACION 9 CLL 142C NO 151B 60","Conjuntos residenciales"
"00005915","CIUDADELA CAFAM 5 ETAPA CALLE 143 A NO 113C73","Conjuntos residenciales"
"00028774","CIUDADELA CAFAM ETAPA I","Conjuntos residenciales"
"00012376","CIUDADELA CAFAM II AGRUPACION 6 CLL 143 A 141D 15","Conjuntos residenciales"
"00001966","CIUDADELA CAFAM IL AGRUPACION 3 CLL 147A 142F 60","Conjuntos residenciales"
"00005735","CIUDADELA CAFAM IL AGRUPACION 5 145 NO 142 F 60","Conjuntos residenciales"
"00018647","CIUDADELA CAFAM IL AGRUPACION 8","Conjuntos residenciales"
"00004803","Ciudadela Cafam Spl 15 Administraci","Conjuntos residenciales"
"00016416","Ciudadela Cafam Spl 15 Extraordinar","Conjuntos residenciales"
"00009364","CIUDADELA CAFAM VI ETAPA CLL 142 A NO 113 C 50","Conjuntos residenciales"
"00017663","CIUDADELA DEL PARQUE PH CLL 71 58102","Conjuntos residenciales"
"00003706","CIUDADELA PARQ CENTRAL DE OCCIDENTE II CLL 77B 129","Conjuntos residenciales"
"00003155","CIUDADELA SANTAMONICA PH CARRERA 24C NO 33C 17","Conjuntos residenciales"
"00017657","CIUDADELA SEVILLA CL 66 A 55 A 51","Conjuntos residenciales"
"00016876","CIUDADELA SEVILLA PH","Conjuntos residenciales"
"00014590","CIUDADELA VILLA DEL BOSQUE PROPIEDA","Conjuntos residenciales"
"00021195","CJ PARQUE COLINA CAMPESTRE MC4","Conjuntos residenciales"
"00026942","Cj R Parques de Bogota Cedro Ext","Conjuntos residenciales"
"00022786","CJ RESIDENCIAL SANTA MARGARITA PH","Conjuntos residenciales"
"00000014","CLARO COMCEL","Telefonía Celular"
"00001481","CLARO EMPRESAS","Telecomunicación"
"00000084","CLARO HOGAR","Televisión Por Suscripción"
"00001503","CLARO IMPUESTOS","Telecomunicación"
"00001502","CLARO TELMEX TELEFONIA","Telecomunicación"
"00005533","CLARO VOLANTE","Telefonía Celular"
"00003586","CLAROS DEL BOSQUE CONJ CERRADO TV9 NOR 56 N BIS 19","Conjuntos residenciales"
"00026050","Claros del Bosque Ph Cl94 No 72a 95","Conjuntos residenciales"
"00002444","CLAVADOS BOGOTA CLL 70 A NO 14 A 30","Instituciones Educativas"
"00020732","CLIENTE EDIFICIO PORTOBELO 135 PH CALLE 135","Conjuntos residenciales"
"00013194","CLINICA GENERAL DEL NORTE","Salud y medicina"
"00027529","CLUB CENTRO DE BIENESTAR SIGUENZA","Conjuntos residenciales"
"00030042","CLUB DE LEONES UBATE MONARCA","Conjuntos residenciales"
"00017711","CLUB DE TENIS PASTO CRA 45 19 ESQUINA OO PANDIACO","Conjuntos residenciales"
"00005541","CLUB DEPORTIVO VERONA FC CALLE 49 SUR NO 86A 59","Conjuntos residenciales"
"00010445","CLUB ECOPETROL BOGOTA","Otros Servicios"
"00011993","CLUB HOUSE CONDOMINIO I CRA 18 N 15872","Conjuntos residenciales"
"00030024","CLUB HOUSE GOLD","Conjuntos residenciales"
"00013399","CLUB HOUSE HUERTAS RESERVADO MZ E2 ET5 MZ E3 MZ4","Conjuntos residenciales"
"00028773","CLUB HOUSE SALAMANCA PH","Conjuntos residenciales"
"00013235","CLUB RES MANGLE PH CRA 14 SUR NO96 149","Conjuntos residenciales"
"00023599","CLUB RESERVA DE GRANADA","Conjuntos residenciales"
"00003158","CLUB RESID FIDELENA PARK CL 75B SUR 38 05 SABANETA","Conjuntos residenciales"
"00022333","CLUB RESIDENCIAL ACUARELAS DEL BOSQ","Conjuntos residenciales"
"00023565","club residencial bariloche popayan","Conjuntos residenciales"
"00010991","CLUB RESIDENCIAL EL TESORO P H CRA 2 NO1A02","Conjuntos residenciales"
"00004267","CLUB RESIDENCIAL LOS ARROYUELOS PH CRA 20 NO 90 04","Conjuntos residenciales"
"00013018","CLUB RESIDENCIAL VIZTA PH CALLE 61 C NO1913","Conjuntos residenciales"
"00017670","CLUB TOWER 1 APARTAMENTOS CLL 3 A NO 25 66","Conjuntos residenciales"
"00030219","COACPESAN OCCIDENTE","Otros Servicios"
"00014654","COCLI CONJUNTO RESIDENCIAL","Conjuntos residenciales"
"00002452","COCORA PARQUE RESIDENCIAL CLL 10 A NORTE NO 18 36","Conjuntos residenciales"
"00005639","COEMPOPULAR","Fondo De Empleados"
"00010340","COFACE SEGUROS","Empresas De Seguros"
"00009678","COFUNERARIA LOS OLIVOS BMANG EXEQU","Servicios Exequiales"
"00010086","COFUNERARIA LOS OLIVOS BMANGA OTRO","Servicios Exequiales"
"00005069","COINTRASALUD","Otros Servicios"
"00008321","COJUNTO PARQUES DE BOGOTA ALISO CLL 84SUR 96 85","Conjuntos residenciales"
"00006030","COJUNTO RESID ACACIA REAL III CRA 54 NO 152 A 50","Conjuntos residenciales"
"00030014","Col Mis Corderitos Bogota","Instituciones Educativas"
"00022480","COL MIXTO CIUDADANOS PENSIONES","Instituciones Educativas"
"00011457","COLCAJAS","Otros Servicios"
"00022535","COLCASABLANCA PENSIONES","Instituciones Educativas"
"00014357","COLCHARTER IPS SAS","Otros Servicios"
"00013153","COLEGAS ASESORES DE SEGUROS LTDA","Otros Servicios"
"00023862","COLEGIO COOSERVICIOS DAGOBERTO TUNJ","Instituciones Educativas"
"00009684","COLEGIO CREATIVO NUEVA GENER CRA 50 SUR NO 143B 20","Conjuntos residenciales"
"00016267","COLEGIO CRISTIANO FUENTE DE VIDA CLL 83ANo115 07","Instituciones Educativas"
"00021251","COLEGIO CRISTIANO SEMILLA DE VIDA CLL 1F NO 31 11","Instituciones Educativas"
"00013467","COLEGIO EUCARISTICO CAMPESTRE SUBACHOQUE PENSION","Instituciones Educativas"
"00022047","COLEGIO EUCARISTICO DE LA MERCED PENSION CALLE 61","Instituciones Educativas"
"00010360","COLEGIO EUCARISTICO IBAGUE PENSIONE CRA 28 N 42 62","Instituciones Educativas"
"00021883","COLEGIO EUCARISTICO MERCEDARIO DE SUBA PENSION","Instituciones Educativas"
"00007013","COLEGIO FRANCISCANAS PEREIRA KM 1 VIA MUNDO NUEVO","Instituciones Educativas"
"00022472","COLEGIO GIMNASIO CRISTIANO LUZ Y VIDA CL35B N86C","Instituciones Educativas"
"00022473","COLEGIO INTERNACIONAL LOS CANAVERALES","Otros Servicios"
"00026796","COLEGIO LICEO EMPRESARIAL","Conjuntos residenciales"
"00000380","COLEGIO NUEVO CAMPESTRE","Instituciones Educativas"
"00017735","COLEGIO NUEVO MONTESSORIANO SAS CL 23 81 B 05","Instituciones Educativas"
"00002194","COLEGIO NUEVO SAN LUIS GONZAGA SAS","Instituciones Educativas"
"00015791","COLEGIO SAN JUAN DE AVILA BOGOTA CRA 100B N 75B 05","Instituciones Educativas"
"00025076","COLEGIO TECNICO INDUSTRIAL COR","Otros Servicios"
"00029596","COLEGIOMILITARGENERALAGUSTINCODAZZI","Instituciones Educativas"
"00021628","COLENERGIA","Servicios Públicos"
"00006444","COLGAS SA ESP","Otros Servicios"
"00004085","COLINA 129 CONJUNTO RESIDENCIAL TV 53 D NO 129 30","Conjuntos residenciales"
"00002703","COLINAS DE MALLORCA CLL 3 OESTE NO 56 75 CALI","Conjuntos residenciales"
"00017726","COLOCADORES SEGUROS ESCOBAR CLL 84 NO 18 38 OF 407","Fundaciones"
"00021664","COLOMBIA INDUSTRIAL AUTOMOTRIZ SAS CRA 24 13 93","Otros Servicios"
"00013238","COLOMBIA INDUSTRIAL y AUTOMOTRIZ","Otros Servicios"
"00018436","COLOMBIA SALUDABLE","Otros Servicios"
"00002232","COLOMBIACOOP","Cooperativas"
"00006807","COLSANITAS SA","Salud y medicina"
"00014606","Colsanitas Vales en Efectivo","Salud y medicina"
"00027519","COLSEGUROS COLEGIO UNI","Conjuntos residenciales"
"00011569","COLSUBSIDIO","Salud y medicina"
"00006951","COLVIDA INTERNACIONAL LTDA CALLE 67D 59 25","Empresas De Seguros"
"00011522","COMERCI INTERNACIONAL LLANTAS SAS","Otros Servicios"
"00007863","COMERCIALIZADORA ANICAM COLOMBIA KM 24 VIA BRICENO","Conjuntos residenciales"
"00002919","COMERCIALIZADORA INTERNACIONAL GUAO","Otros Servicios"
"00004816","COMFAMA CREDITOS","Otras Obligaciones financieras"
"00012747","COMFAMILIAR CARTAGENA RECAUDOS","Cooperativas"
"00009603","COMFAMILIAR RISARALDA EDUCACION AV CIRCUNV 3 01","Conjuntos residenciales"
"00022167","COMFAMILIAR RISARALDA SALUD AV CIRCUNV 3 01 3 01","Otros Servicios"
"00010484","COMFANDI SALUD","Otros Servicios"
"00010871","COMFEANTCREDITO","Otros Servicios"
"00002779","COMFENALCO CREDITO Y COBRANZA","Otras Obligaciones financieras"
"00023624","COMFENALCO SANTANDER SALUD","Otros Servicios"
"00021565","COMMUNITY MALL COLOMBIA S","Conjuntos residenciales"
"00009914","COMO NUEVOS SAS","Otros Servicios"
"00004286","COMPANIA DE SEGUROS","Empresas De Seguros"
"00013438","COMPANIA EMISORAS DE VIDA","Otros Servicios"
"00007187","COMPANIA NACIONAL DE ACEITES S","Otros Servicios"
"00017738","COMPANIA SERVICIOS INTEGRALES COL CLL 4A 5 ESTE 35","Otros Servicios"
"00011045","COMPENSAR ALOJAMIENTO","Otros Servicios"
"00020437","COMPLEJO EMPRESARIAL LUXOR","Conjuntos residenciales"
"00017750","COMPLEJO INDUSTRIAL RUTA 169 CRA 8 NO 20 N 148","Otros Servicios"
"00016106","COMPLEJO MULTIFLIAR VILLA VERGEL PH","Conjuntos residenciales"
"00011748","COND ALTAGRACIA VILLAVIC CRA 48 11 295 VDA B AIRES","Conjuntos residenciales"
"00024678","COND BRISAS DEL CAMPESTRE YUMBO","Conjuntos residenciales"
"00015435","COND C ARIZONA COUNTRY CLUB II","Conjuntos residenciales"
"00016270","COND CAMPESTRE VILLAS DEL PARQUE KM4 VIA POTRERIRO","Conjuntos residenciales"
"00017764","COND CAMPTRE ALTOS DE UMBRIA CL 11 A 116 40 CALI","Conjuntos residenciales"
"00017806","COND EDIFICIO LOTERIA DEL QUINDIO CRA 16 NO 19 23","Conjuntos residenciales"
"00017810","COND EDIFICIO SAKER BOCAGRANDE CRA 2 N 150","Conjuntos residenciales"
"00022027","COND GRAND ARIZONA CONTRY CLUB","Conjuntos residenciales"
"00017805","COND HACIENDA DEL ALFEREZ CALI CRA 111 22 A 250","Conjuntos residenciales"
"00017826","COND LA HERRERIA CONJUNTO 3VIA CALI JAMUNDI KM21","Conjuntos residenciales"
"00010604","COND LA HERRERIA CONJUNTO 5 HACIENDA EL CASTILLO","Conjuntos residenciales"
"00006131","COND PARQUES DE PAKISTAN 2 KM2 VIA FLANDES ESPINAL","Conjuntos residenciales"
"00009385","COND SANTILLANA DEL LLANO CONJUNTO C 1 CR 44 26 27","Conjuntos residenciales"
"00016107","COND VILLAS DEL MEDITERRANEO","Conjuntos residenciales"
"00025595","CONDADO DE SANTA LUCIA 1 TUNAL","Conjuntos residenciales"
"00010214","CONDADO DE SANTA LUCIA ILL PH CLL 55 SUR 24 C 28","Conjuntos residenciales"
"00029017","Condado Santa Lucia 1 Tunal C Extra","Conjuntos residenciales"
"00002841","CONDO A2 CLUB RINCON DE FATIMA PH AV CAÑAS GORDAS","Conjuntos residenciales"
"00006715","CONDO AGUA MARINA CLUB CAMPESTRE KM 3 VIA FLANDES","Conjuntos residenciales"
"00012683","CONDO CAMPESTRE SANTA MARIA DEL CAMPO VEREDA GUABI","Conjuntos residenciales"
"00017044","CONDO VILLAS DEL COUNTRY PIJAO ET I Y II CLL 16 B","Conjuntos residenciales"
"00007993","CONDOM CAMPESTRE VEGAS DE CALIMA KM 2 VIA DARIEN","Conjuntos residenciales"
"00026574","CONDOM CAMPESTRE VILLA ESPERANZA 2","Conjuntos residenciales"
"00002536","CONDOM CAMPESTRE VILLA ESPERANZA KM 5 VIA FLANDES","Conjuntos residenciales"
"00008833","CONDOM CAMPESTRE VILLAS DE ANDALUCIA VRDA LA BALSA","Conjuntos residenciales"
"00006979","CONDOM CERRADO VILLAS DE PALERMO CRA 19 NO 36N 40","Conjuntos residenciales"
"00009386","CONDOM MULTIFAMILIARES SANTA LUCIA CLL 31 N 17 87","Conjuntos residenciales"
"00017798","CONDOM VILLAS SAN MARINO CALI CRA 127 B 18 A 50","Conjuntos residenciales"
"00017144","CONDOMI PARQUES DE PAKISTAN 4","Conjuntos residenciales"
"00015254","CONDOMIN CAMPESTRE VILLA MARIA","Conjuntos residenciales"
"00024958","CONDOMINIO B CLUB RINCON DE FATIMA","Conjuntos residenciales"
"00015554","CONDOMINIO BATIK CALI CRA 138","Conjuntos residenciales"
"00017733","CONDOMINIO BEACH CLUB CRA 9 NO 70 55 CRESPO","Conjuntos residenciales"
"00002530","CONDOMINIO BRISAS DE LA MONTAÑA NARIÑO KM 2","Conjuntos residenciales"
"00014974","CONDOMINIO BRISAS DEL MAR PH","Conjuntos residenciales"
"00014151","CONDOMINIO C VILLAS DE PALONEGRO","Conjuntos residenciales"
"00022734","CONDOMINIO CAMINO DE LA MARIA CALI","Conjuntos residenciales"
"00014986","CONDOMINIO CAMINO REAL AGRUPACION I","Conjuntos residenciales"
"00007649","CONDOMINIO CAMINOS DE SEVILLA CALLE 4 20A 41","Conjuntos residenciales"
"00013629","CONDOMINIO CAMPESTR SANTA LUCIA VEREDA BOJACA","Conjuntos residenciales"
"00017740","CONDOMINIO CAMPESTRE CACIQUE REAL CLL 74 NO 5342","Conjuntos residenciales"
"00016151","CONDOMINIO CAMPESTRE PALMA REAL","Conjuntos residenciales"
"00022589","CONDOMINIO CAMPESTRE PIEDRA SANTA","Conjuntos residenciales"
"00021040","CONDOMINIO CAMPESTRE VILLA LUCIA PH","Conjuntos residenciales"
"00006214","CONDOMINIO CAMPESTRE VILLA PARAISO VEREDA EL CAIRO","Conjuntos residenciales"
"00010124","CONDOMINIO CAMPESTRE VILLAS DEL CAFÉ CR 11 14 42","Conjuntos residenciales"
"00000688","CONDOMINIO CAMPESTRE VILLAVENTO CRA 5 ESTE 14 104","Conjuntos residenciales"
"00017759","CONDOMINIO CAMPO VERDE CALI CALLE 59 1 D 28","Conjuntos residenciales"
"00013941","CONDOMINIO CERRO VERDE CALI","Conjuntos residenciales"
"00001322","CONDOMINIO EDIF MIRADOR FLORESTA","Conjuntos residenciales"
"00024440","CONDOMINIO EDIFICIO DALI PHA","Conjuntos residenciales"
"00014564","Condominio edificio granada","Conjuntos residenciales"
"00009418","CONDOMINIO EDIFICIO PIAMONTE CLL 13 NORTE NO 9 52","Conjuntos residenciales"
"00017831","CONDOMINIO EDIFICIO SURCO AV 0 11153 QUINTA VELEZ","Conjuntos residenciales"
"00028837","CONDOMINIO EL CASCAJAL","Conjuntos residenciales"
"00010547","CONDOMINIO EL ÉXITO VIA VEREDA BUSCAVIDAS","Conjuntos residenciales"
"00002326","CONDOMINIO EL FERROL EDIFICIO UNO CLL 9 D 69 B 80","Conjuntos residenciales"
"00010150","CONDOMINIO EL OITI PARQUEADEROS","Conjuntos residenciales"
"00022823","CONDOMINIO EL PORVENIR CALIMA","Conjuntos residenciales"
"00017800","CONDOMINIO INDUSTRIAL LA NUBIA PH KM 15 VIACAVASA","Conjuntos residenciales"
"00008703","CONDOMINIO LA COLINA REAL TV 22 NO 9 10B LA COLINA","Conjuntos residenciales"
"00021337","CONDOMINIO LA HERRERIA CONJUNTO 3 VIA CALI","Conjuntos residenciales"
"00017375","CONDOMINIO LA HERRERIA CONJUNTO 4","Conjuntos residenciales"
"00015195","CONDOMINIO LA MARAVILLA VIA TOCAIMA","Conjuntos residenciales"
"00017788","CONDOMINIO LAGO CLUB CRA 121 18 81","Conjuntos residenciales"
"00012596","CONDOMINIO LOS ANGELES CLUB RES CR24 6 21 Vnariño","Conjuntos residenciales"
"00026218","CONDOMINIO LOS GIRASOLES VILLAVICEN","Conjuntos residenciales"
"00017040","CONDOMINIO MARSELLA CALI CRA 34 13 51","Conjuntos residenciales"
"00012569","CONDOMINIO MONET CRA30 34 39 Bucaramanga Colombia","Conjuntos residenciales"
"00008947","CONDOMINIO NUEVA GALICIA PH CALLE 55 NO 40 44","Conjuntos residenciales"
"00002560","CONDOMINIO OCARINA CRA 5 NO 10 20 SAN JORGE CALIMA","Conjuntos residenciales"
"00007396","CONDOMINIO PACANDE CLL 12 SUR NO 18 81 VILLAVICENC","Conjuntos residenciales"
"00013013","CONDOMINIO PAISAJES DEL CASTILLO","Conjuntos residenciales"
"00017808","CONDOMINIO PALMA DE MALLORCA CRA 66 NO 2 A 20 CALI","Conjuntos residenciales"
"00021200","Condominio Parcelacion Calimas","Conjuntos residenciales"
"00008057","CONDOMINIO PARQUE 50 CALLE 12A 50 25","Conjuntos residenciales"
"00010229","CONDOMINIO PARQUE RESIDENCIAL CALLE 15 NO 4 104","Conjuntos residenciales"
"00008621","CONDOMINIO PARQUES DE CASTILLA CALLE 37 B CRA 14","Conjuntos residenciales"
"00007965","CONDOMINIO PARQUES DE PAKISTAN V ET KM3 VIA GIRARD","Conjuntos residenciales"
"00002612","CONDOMINIO PIO XIL REAL PH CRA 40 A NO 4 B 26","Conjuntos residenciales"
"00005936","CONDOMINIO PORTAL DE PENALISA","Conjuntos residenciales"
"00025992","CONDOMINIO PRADERA BOREAL ARMENIA","Conjuntos residenciales"
"00005329","CONDOMINIO REAL DEL LLANO CALLE REAL 5A 42","Conjuntos residenciales"
"00002620","CONDOMINIO REMANSO DE LA MORADA KM 7 VIA CALI","Conjuntos residenciales"
"00005857","CONDOMINIO RESID CEDRO REAL PH CRA 14 NO 151 60","Conjuntos residenciales"
"00016015","CONDOMINIO SAMANES DEL CASTILLO VIA CALI JAMUNDI","Conjuntos residenciales"
"00004884","CONDOMINIO SANTA CATALINA IV CALLE 35 NO 14 59","Conjuntos residenciales"
"00014448","CONDOMINIO SANTA CECILIA II","Conjuntos residenciales"
"00002628","CONDOMINIO SANTA HAGIA SOFIA KM 1 AVDA EL PALMAR","Conjuntos residenciales"
"00006778","CONDOMINIO SANTA MARIA CL 6 SUR NO 24A 27 REMANSOS","Conjuntos residenciales"
"00014001","CONDOMINIO SANTA MARIA DEL MAR","Conjuntos residenciales"
"00024564","CONDOMINIO SANTA MARIA DELCAMPESTRE","Conjuntos residenciales"
"00002292","CONDOMINIO SANTA MARIA IL CLL 6 SUR NO 23 51","Conjuntos residenciales"
"00017783","CONDOMINIO SANTA MARIA PH CALI CLL 2A NO 66 72","Conjuntos residenciales"
"00009372","CONDOMINIO SANTA PAULA ETAPA I CRA 34A N 5 120 SUR","Conjuntos residenciales"
"00015316","CONDOMINIO SANTANA CR34 No5 120 SUR","Conjuntos residenciales"
"00029461","CONDOMINIO TORRES DE ALEJANDRIA","Conjuntos residenciales"
"00002631","CONDOMINIO TORRES DE CATTANIA CRA 7 NO 10 N 78","Conjuntos residenciales"
"00023952","CONDOMINIO TORRES DE LA PRADERA I","Conjuntos residenciales"
"00003643","CONDOMINIO TORRES DE MILANO CLL 48N NO 9 126","Conjuntos residenciales"
"00002046","CONDOMINIO TORRES DE SALERNO CARRERA 35 5 91 SUR","Conjuntos residenciales"
"00002632","CONDOMINIO TORRES DE SAN AGUSTIN CRA 85E NO 42 50","Conjuntos residenciales"
"00014625","CONDOMINIO TORRES VERDES PH","Conjuntos residenciales"
"00015497","CONDOMINIO TURIN CLUB HOUSE PH","Conjuntos residenciales"
"00017799","CONDOMINIO VALLE DEL EDEN CALI CLL 18 125200","Conjuntos residenciales"
"00017792","CONDOMINIO VILLA CAMPESTRE CRA 53 NO 132 10","Conjuntos residenciales"
"00013987","CONDOMINIO VILLA CAMPESTRE DEL RIO I CLL 14C 79 20","Conjuntos residenciales"
"00002547","CONDOMINIO VILLA CAMPESTRE DEL RIO IL CL 14 C 7460","Conjuntos residenciales"
"00002635","CONDOMINIO VILLA DE LAS MERCEDES KM 1 VIA CHIPAYA","Conjuntos residenciales"
"00009859","CONDOMINIO VILLA MEDINA CALLE 2 NO 7 158 FLANDES","Conjuntos residenciales"
"00023836","CONDOMINIO VILLAS DE TOLEDO PH","Conjuntos residenciales"
"00017793","CONDOMINIO VILLAS DEL BANCO CALI CRA 127 945","Conjuntos residenciales"
"00010823","CONDOMINIO VILLAS DEL LAGO KM1 VIA DARIEN JIGUALES","Conjuntos residenciales"
"00023900","CONDOMINO CAMINO REAL AGRUP IV","Conjuntos residenciales"
"00015255","CONDOMINO CAMINO REAL AGRUPACION II","Conjuntos residenciales"
"00026151","condomnio club los cedros","Conjuntos residenciales"
"00020848","CONEXION EVENTOS Y SERVICIOS","Otros Servicios"
"00004099","CONJ ALAMEDA DE SANTAFE ETAPA I CLL 182 NO 45 24","Conjuntos residenciales"
"00012147","CONJ ALEJANDRIA REAL ET VI MZ8 CLL 7 3A 16","Conjuntos residenciales"
"00017886","CONJ ALEJANDRIA REAL PARQUE RESID ET8 M9 CL7 3 41","Conjuntos residenciales"
"00030120","CONJ AMARANTO CALI","Conjuntos residenciales"
"00000782","CONJ AMERICAS CLUB RESID ETAPA 1 CL 3 SUR 69A 60","Conjuntos residenciales"
"00030178","CONJ BALTICO PH CARTAGENA","Conjuntos residenciales"
"00007709","CONJ C TORREON BUENAVISTA DE LA POLA CL 4 4 54","Conjuntos residenciales"
"00030221","CONJ CAMINO REAL X ET II SEC","Conjuntos residenciales"
"00017896","CONJ CAMPTRE CHICAMOCHA REAL CRA 20 3447 OF 202","Conjuntos residenciales"
"00024665","CONJ CD DEL PARQUE SALAMANCA","Conjuntos residenciales"
"00024361","CONJ CERRADO BALC SANTA HELENA","Conjuntos residenciales"
"00017877","CONJ CERRADO CARBONERO PARQUE RESID CL 14 1978","Conjuntos residenciales"
"00007506","CONJ CERRADO CIUDADELA EL PORVENIR CR 14 NO 149 51","Conjuntos residenciales"
"00002860","CONJ CERRADO CLUB RESID YERBABUENA CRA 5 NO 103 92","Conjuntos residenciales"
"00006840","CONJ CERRADO FUENTE REAL CRA 8 NO 129 167 IBAGUE","Conjuntos residenciales"
"00002441","CONJ CERRADO PARQUE DE TIERRA LINDA CLL 75 NO 5 90","Conjuntos residenciales"
"00016598","CONJ CERRADO SANTA CLARA KR 20CNo8 36 LA PRIMAVERA","Conjuntos residenciales"
"00001327","CONJ CERRADO TORREON DE PIEDRA PINTADA ET1 CLL 57","Conjuntos residenciales"
"00016855","CONJ CERRADO TORRES DEL BOSQUE 1","Conjuntos residenciales"
"00016274","CONJ DE PROP HORIZ TORRES DE SAN PEDRO CL17No7 33","Conjuntos residenciales"
"00001342","CONJ DE USO MIXTO PARQUES DE VILLA ANITA PH CR 78A","Conjuntos residenciales"
"00029023","CONJ DE VIV TORRES DE SANTA LUCIA","Conjuntos residenciales"
"00012213","CONJ DE VIVIENDA NORTE CLUB CRA26B 1N 115 171 231","Conjuntos residenciales"
"00015792","CONJ EDIFICIO LA ESQUINA DEL PARQ 1 CRA 72 Q NO 35","Conjuntos residenciales"
"00009076","CONJ GRANADA CLUB RESIDET V INT 2 DG 77B N 116B 42","Conjuntos residenciales"
"00003042","CONJ GUALANDAY BRISAS DE LOS ALAMOS AV2 NTE 75H 35","Conjuntos residenciales"
"00017871","CONJ HABITACIONAL SAYAB CALI CL 15 NO 56 00","Conjuntos residenciales"
"00030108","CONJ INDIGO CR 98 58 66 CALI","Conjuntos residenciales"
"00001361","CONJ INDUSTRIAL EL PORVENIR 2 MOSQ CR 13A NO 5A 20","Conjuntos residenciales"
"00017066","CONJ INDUSTRIAL PORVENIR 1 ET MONTANA MOSQ CRA13 A","Conjuntos residenciales"
"00008921","CONJ INMOBILIARIO NUEVO MUNDO PH CRA 74 NO 53 55","Conjuntos residenciales"
"00028802","CONJ MADRIGAL CR 72 10 40 CALI","Conjuntos residenciales"
"00027687","CONJ MULTF TORRES DE LOS PINOS","Conjuntos residenciales"
"00015558","CONJ MULTI TORRES DE DONA LUPE 2","Conjuntos residenciales"
"00016613","CONJ MULTIF COOPDESARROLLO AV SANTANDE CL147No1127","Conjuntos residenciales"
"00005184","CONJ MULTIF FARALLONES 22 VILLAS CAMPESTRE CR 126","Conjuntos residenciales"
"00004167","CONJ MULTIF PRADO DE VILLA NUEVA CR 50A 57 51","Conjuntos residenciales"
"00022179","CONJ MULTIF PRADO DE VILLA NUEVA CRA 50A NO 57 51","Conjuntos residenciales"
"00005220","CONJ MULTIFAMIL PARQUES DEL CANEY CLL 45 NO 83D 37","Conjuntos residenciales"
"00014182","CONJ MULTIFAMILIAR LOS CRISTALES CLUB RESID CRA 38","Conjuntos residenciales"
"00010258","CONJ MULTIFAMILIAR PARQUES DEL NOGAL CLL 66 N 8 27","Conjuntos residenciales"
"00003057","CONJ MULTIFAMILIAR TIERRA SANTA 1 APTOS CRA8F N166","Conjuntos residenciales"
"00009206","CONJ MULTIFAMILIAR TORRES DE ALICANTE CL59 1BIS 35","Conjuntos residenciales"
"00016294","CONJ MUTIF SANTA CLARA BLOQ ABYC MZ D KR29BNo12B31","Conjuntos residenciales"
"00006776","CONJ NUEVO BOSQUES DE ABAJAM 3 CR 13 ESTE N 36 231","Conjuntos residenciales"
"00015052","CONJ NUEVO TEJARES LIBERTADO","Conjuntos residenciales"
"00014141","CONJ PALMETTO CONDOMINIO CLUB CARRERA 19D 4 30","Conjuntos residenciales"
"00005411","CONJ PARQUE 175 CLUB RESIDENCIAL PH CL 173 N 18 60","Conjuntos residenciales"
"00021994","CONJ PARQUE 93 CONDOMINIO ET 2","Conjuntos residenciales"
"00015873","CONJ PARQUE CENTRAL AGORA ILL","Conjuntos residenciales"
"00026909","CONJ PARQUE LOS PERIODISTAS POPAYAN","Conjuntos residenciales"
"00017068","CONJ PARQUE RESID CIPRES DE NOVATERRA CRA6 NO12 85","Conjuntos residenciales"
"00016295","CONJ PARQUE RESID DEL CAFE KR20No 3N 00 SECT COLIS","Conjuntos residenciales"
"00000540","CONJ PARQUE RESID SANTA CLARA CRA 19 NO 25 NTE 50","Conjuntos residenciales"
"00017945","CONJ PARQUE RESIDENCIAL TIMIZA CRA 73 NO 42 16 SUR","Conjuntos residenciales"
"00006796","CONJ PARQUES DE BOGOTA NOGAL CL 80BIS SUR NO 9148","Conjuntos residenciales"
"00005858","CONJ PARQUES DE BOGOTA SAUCE CRA 94 SUR NO 83 50","Conjuntos residenciales"
"00015496","CONJ PEDREGAL RESERVADO TORRE 4 CRA 99 N 71A 37","Conjuntos residenciales"
"00017937","CONJ PONTEVEDRA CLUB RESIDENCIAL CRA 70D N 98A 05","Conjuntos residenciales"
"00016600","CONJ Q TORRES DE COMFANDI CARRERA 1A NO 56 94","Conjuntos residenciales"
"00005952","CONJ RES ALAMEDA DEL PORVENIR 1 ET CL55 SUR 104 48","Conjuntos residenciales"
"00006938","CONJ RES ALTORREAL EXT","Conjuntos residenciales"
"00011871","CONJ RES BALCONES DE SAN JUAN CALI","Conjuntos residenciales"
"00015783","CONJ RES BALCONES DE SANTACECILIA","Conjuntos residenciales"
"00001588","CONJ RES BALCONES DE VILLAS CAMPESTRE TV 3B 23 200","Conjuntos residenciales"
"00010106","CONJ RES CAMINO REAL IX ETAPA IV SECTOR CL9C 53 81","Conjuntos residenciales"
"00005039","CONJ RES CAMPINA DEL RESTREPO NUEVA GENERAC CR 24D","Conjuntos residenciales"
"00024523","CONJ RES COUNTRY CLUB HOUSE PH","Conjuntos residenciales"
"00021349","CONJ RES FUENTES DE CAMINO REAL ILL ET CL 11 50 39","Conjuntos residenciales"
"00001756","CONJ RES HACIENDA PENALISA BALSO PH CR 11 NO 11 43","Conjuntos residenciales"
"00025162","CONJ RES PARQUE CENTRAL BCH","Conjuntos residenciales"
"00004222","CONJ RES TIERRABUENA PORVENIR ET II","Conjuntos residenciales"
"00015468","CONJ RES VILLAS DE SAN PABLO M15","Conjuntos residenciales"
"00015164","CONJ RES VILLAS DEL MEDITERR 1 Y 2","Conjuntos residenciales"
"00027081","CONJ RESE DE CALIBIO EXTRAORDINARIA","Conjuntos residenciales"
"00012456","CONJ RESI BRISAS DE CHAMBERRY CRA 47 2A 75","Conjuntos residenciales"
"00006929","CONJ RESI BRISAS DE GIRARDOT ET 1 KM 2 VIA TOCAIMA","Conjuntos residenciales"
"00017966","CONJ RESID ALONDRA CALI CCOUNTRY VIA PCENTRAL254","Conjuntos residenciales"
"00004247","CONJ RESID ALTOS DE TIERRA SANTA PH CL 166 N 8D 44","Conjuntos residenciales"
"00007996","CONJ RESID AMERICAS CLUB ET 3 CRA 69D NO 1 70 SUR","Conjuntos residenciales"
"00006762","CONJ RESID ARANZOQUE REAL CL 7 7 50 FLORIDABLANCA","Conjuntos residenciales"
"00017309","CONJ RESID BALCONES DE GRANADA7 CUENTA NUEVA CL77B","Conjuntos residenciales"
"00016306","CONJ RESID BARLOVENTO I CALI CLL 1A OESTENo69 95","Conjuntos residenciales"
"00017313","CONJ RESID BOREAL PROPIEDAD HORIZONTAL CRA117 NO10","Conjuntos residenciales"
"00017315","CONJ RESID BOSQUE DE LOS COMUNEROS 1 ET PH CRA37 B","Conjuntos residenciales"
"00002723","CONJ RESID BOSQUES DE BOGOTA I CL 136C SUR N 3C 85","Conjuntos residenciales"
"00009092","CONJ RESID BOSQUES DE BOGOTA ILL CR 14 I N 136A 30","Conjuntos residenciales"
"00001591","CONJ RESID BRISAS DE SAN LORENZO CRA 85E NO 45 66","Conjuntos residenciales"
"00010852","CONJ RESID BRISAS DEL BOSQUE KM 14 VIA NOVILLEROS","Conjuntos residenciales"
"00016429","CONJ RESID BRISAS DEL MAR 1 TV 44 NO 99 C 70","Conjuntos residenciales"
"00018013","Conj Resid Calicanto Cll 42 95A 15","Conjuntos residenciales"
"00018017","CONJ RESID CAMINO REAL III ET CALI CRA 51 NO 9 60","Conjuntos residenciales"
"00001599","CONJ RESID CAMINO REAL IX SECTOR 3 CLL 9C NO 53 25","Conjuntos residenciales"
"00017318","CONJ RESID CAMINOS DE SANTAFE DIAGONAL 182 19 75","Conjuntos residenciales"
"00016068","CONJ RESID CAMINOS DEL PORVENIR II CL55 SUR 100 06","Conjuntos residenciales"
"00006358","CONJ RESID CAMINOS DEL PORVENIR ILL CL 55 SUR 102A","Conjuntos residenciales"
"00016310","CONJ RESID CARRILLON CALI CLL 5 NO 65 76","Conjuntos residenciales"
"00018027","CONJ RESID CASCADAS DE LA BOCHA CLL 46 113 29 CALI","Conjuntos residenciales"
"00003858","CONJ RESID CERRADO VILLAS DE ALCALA CRA 4 NO 20 00","Conjuntos residenciales"
"00018039","CONJ RESID CLARO DE LUNA CLL 14 OESTE NO 12 A 141","Conjuntos residenciales"
"00004098","CONJ RESID CLUB BALCONES DE STAFE CLL 182 NO 45 45","Conjuntos residenciales"
"00002706","CONJ RESID COLORES DE SANTA SOFIA CRA 85D NO 48 56","Conjuntos residenciales"
"00011475","CONJ RESID EDIFICIO CATALINA PH CLL 100 NO 13 41","Conjuntos residenciales"
"00018048","CONJ RESID EDIFICIO SERRANIA CR 26 NO 12 36 BMANGA","Conjuntos residenciales"
"00018049","CONJ RESID EDIFICIO VERDE COUNTRY CL 134 NO 13 80","Conjuntos residenciales"
"00010240","CONJ RESID FAISANES EXTRAORDI CRA88C NO 54C 29 SUR","Conjuntos residenciales"
"00001262","CONJ RESID GERONA DEL PORVENIR 2 CR 93B NO 34 15","Conjuntos residenciales"
"00018127","CONJ RESID LAS TORRES DE VIZCAYA PH CR 67 NO 97 96","Conjuntos residenciales"
"00002864","CONJ RESID LOS CARPATOS PH CTA NUEVA CR 82C 75A 65","Conjuntos residenciales"
"00002732","CONJ RESID MADEIRA CLUB HOUSE CRA 1 NO 4 B 07 ESTE","Conjuntos residenciales"
"00002741","CONJ RESID MONTECLARO CLL 2 7 129","Conjuntos residenciales"
"00029627","Conj Resid Monteclaro cuota fachada","Conjuntos residenciales"
"00009143","CONJ RESID NUEVA CASTILLA ETAPA 1 CLL 8C NO 87B 40","Conjuntos residenciales"
"00003735","CONJ RESID NUEVA CASTILLA ETAPA VI CL 8C NO 87B 75","Conjuntos residenciales"
"00005950","CONJ RESID NUEVO CONQUISTADORES AUSTRAL CALLE 32 A","Conjuntos residenciales"
"00018196","CONJ RESID NUEVO GIRARDOT CRA 6 28 48","Conjuntos residenciales"
"00003614","CONJ RESID NUEVO HORIZONTE CLL 167 NO 16 45","Conjuntos residenciales"
"00000942","CONJ RESID NUEVO HORIZONTE I KRA 13 N 31 H 40 SUR","Conjuntos residenciales"
"00006403","CONJ RESID NUEVO HORIZONTE PORVENIR II CRA 11 NO31","Conjuntos residenciales"
"00005453","CONJ RESID OKAVANGO CR 18 ESTE VIA A COVISAN FINCA","Conjuntos residenciales"
"00001768","CONJ RESID PARQ CENTRAL CIUDAD SALITRE CRA 63 NO22","Conjuntos residenciales"
"00007054","CONJ RESID PARQ CENTRAL TINTAL ET I CRA 98 NO 2 44","Conjuntos residenciales"
"00006838","CONJ RESID PARQ CENTRAL TINTAL ET IL CR98 NO 2A 44","Conjuntos residenciales"
"00009794","CONJ RESID PARQUE CENTRAL COLINA 2 CLL159 NO 56 75","Conjuntos residenciales"
"00018212","CONJ RESID PARQUE CENTRAL HAYUELOS CL 47 NO 44 152","Conjuntos residenciales"
"00002008","CONJ RESID PARQUE CENTRAL SALITRE ET IV CLL64A N57","Conjuntos residenciales"
"00008052","CONJ RESID PARQUE DE ATICOS TORRE V PH CLL 134 A","Conjuntos residenciales"
"00013753","CONJ RESID PLAZA CENTRAL TRES CLL 30 N NO 2 A 18","Conjuntos residenciales"
"00010116","CONJ RESID PORTAL DE NUEVA ANDREA CLL 44 NO 30 50","Conjuntos residenciales"
"00018250","CONJ RESID PORTAL DEL RIO AV SURABASTOS NO 26 02","Conjuntos residenciales"
"00001110","CONJ RESID PORVENIR RESERVADO 12 CLL 54F SUR 94 21","Conjuntos residenciales"
"00007848","CONJ RESID PORVENIR RESERVADO 5 CL52 SUR NO 92A 34","Conjuntos residenciales"
"00001771","CONJ RESID PORVENIR RESERVADO CASAS I CL50 SUR 98B","Conjuntos residenciales"
"00008686","CONJ RESID PUERTA DEL PORVENIR CLL 57A SUR 92A 51","Conjuntos residenciales"
"00017119","CONJ RESID RESERVA DE GRANADA III CTA NUEVA CLL78B","Conjuntos residenciales"
"00002788","CONJ RESID SENDERO DEL POLO CLUB CRA 103 NO 11 40","Conjuntos residenciales"
"00018356","CONJ RESID TARRAGONA BARRANQUILLA CLL 99C N 43 150","Conjuntos residenciales"
"00010993","CONJ RESID TORREMOLINOS CUOTA EXTRA","Conjuntos residenciales"
"00005461","CONJ RESID TORREON DE SANTAMARIA LA NUEVA PH CL 40","Conjuntos residenciales"
"00013767","CONJ RESID TORRES DE ALCALA I ET CLL 8 C NO 46 61","Conjuntos residenciales"
"00018370","CONJ RESID TORRES DE ALCALA I EXTRAS CL 8C N 46 61","Conjuntos residenciales"
"00013757","CONJ RESID TORRES DE ALCALA II ET CRA 47 NO 8B 55","Conjuntos residenciales"
"00009161","CONJ RESID TORRES DE ALMERIA CLL 15 A NO 68 A 35","Conjuntos residenciales"
"00007298","CONJ RESID TORRES DE ANDALUCIA PH CL 180 NO 12A 16","Conjuntos residenciales"
"00018371","CONJ RESID TORRES DE BADALONA CL 13 A BIS NO 80 45","Conjuntos residenciales"
"00001501","CONJ RESID TORRES DE CAMELOT CRA 37 NO 1 OESTE 46","Conjuntos residenciales"
"00013808","CONJ RESID TORRES DE CANAVERAL 1ET CLL31N NO 24 68","Conjuntos residenciales"
"00001719","CONJ RESID TORRES DE COMFANDI ET V CLL 55 NO 1 94","Conjuntos residenciales"
"00018374","CONJ RESID TORRES DE COMFANDI H CRA 1 B NO 57 102","Conjuntos residenciales"
"00001718","CONJ RESID TORRES DE COMFANDI IL ET CONJ K CRA 18","Conjuntos residenciales"
"00021238","CONJ RESID TORRES DE COMFANDI J","Conjuntos residenciales"
"00018503","CONJ RESID TORRES DE LA ALBORADA PH CLL 38 92 26","Conjuntos residenciales"
"00004953","CONJ RESID TORRES DE LA COLINA II CLL 152 NO 58 50","Conjuntos residenciales"
"00005292","CONJ RESID TORRES DE LA COLINA PH CLL 152 NO 58 51","Conjuntos residenciales"
"00002801","CONJ RESID TORRES DE SANTA ISABEL PH CLL 9 SUR 26","Conjuntos residenciales"
"00015715","CONJ RESID TORRES DEL BOSQUE P","Conjuntos residenciales"
"00018380","CONJ RESID TORRES DEL CIELO CRA 19 NO 6F 36 LOTE 5","Conjuntos residenciales"
"00000160","CONJ RESID TORRES DEL LAGO CL1 NO 1 169 EL LAGUITO","Conjuntos residenciales"
"00014191","CONJ RESID TORRES DEL LIMONAR CRA 72 NO 10 BIS 21B","Conjuntos residenciales"
"00021380","CONJ RESID TORRES DEL POBLADO CRA 18A NO 47D 83","Conjuntos residenciales"
"00008862","CONJ RESID TORRES DEL POBLADO PH","Conjuntos residenciales"
"00002923","CONJ RESID VEGAS DE TOLEDO CL 5 NO 45 121 MEDELLIN","Conjuntos residenciales"
"00016399","CONJ RESID VILLA NUEVA DE","Conjuntos residenciales"
"00002813","CONJ RESID VILLAS DE ALTAGRACIA CRA 1 NO 10C 55","Conjuntos residenciales"
"00004344","CONJ RESID VILLAS DE HATOCHICO 4 CRA 136A 151B 52","Conjuntos residenciales"
"00005508","CONJ RESID VILLAS DE HATOCHICO V CRA136A NO 151 02","Conjuntos residenciales"
"00018415","CONJ RESID VILLAS DE LA CANDELARIA AV 3E 62 N 93","Conjuntos residenciales"
"00018416","CONJ RESID VILLAS DE LA CASTELLANA CRA 52B 100 334","Conjuntos residenciales"
"00002814","CONJ RESID VILLAS DE LA PAMPA","Conjuntos residenciales"
"00004889","CONJ RESID VILLAS DE SAN ANDRES CLL 15 NO 28 20","Conjuntos residenciales"
"00018417","CONJ RESID VILLAS DE SAN JOAQUIN CRA 89 NO 18 61","Conjuntos residenciales"
"00014197","CONJ RESID VILLAS DE SAN JOAQUIN II CRA89 NO 18 72","Conjuntos residenciales"
"00018418","CONJ RESID VILLAS DE SAN MARTIN PH AV 3C NE 62N 77","Conjuntos residenciales"
"00013784","CONJ RESID VILLAS DEL INGENIO CRA 85 C NO 13 A 120","Conjuntos residenciales"
"00024265","CONJ RESIDEN OCOBOS PENALISA","Conjuntos residenciales"
"00001278","CONJ RESIDENCIAL ACACIA REAL II PH CR 54 NO 152 60","Conjuntos residenciales"
"00009202","CONJ RESIDENCIAL BOSQUES DE BOGOTA 2 CR 4N 136A 80","Conjuntos residenciales"
"00021346","CONJ RESIDENCIAL BOSQUES REAL CLL 50 NO 99A 66","Conjuntos residenciales"
"00000400","CONJ RESIDENCIAL BRISA CAMPESTRE CLL 3B NO 97A 05","Conjuntos residenciales"
"00005746","CONJ RESIDENCIAL BRISAS DE ABRIL","Conjuntos residenciales"
"00002805","CONJ RESIDENCIAL BRISAS DEL CERRO CLL 3A NO 92 116","Conjuntos residenciales"
"00012883","CONJ RESIDENCIAL BRISAS DEL LAGO CL 5 No 5 137","Conjuntos residenciales"
"00014074","CONJ RESIDENCIAL CAFAM II AGRUP 14","Conjuntos residenciales"
"00010926","CONJ RESIDENCIAL CALI BELLA 3 CLL 69 NO 7B BIS 12","Conjuntos residenciales"
"00000639","CONJ RESIDENCIAL CAMPESTRE REAL I CRA 101 NO 11 55","Conjuntos residenciales"
"00002261","Conj Residencial Edificio Toledo 48","Conjuntos residenciales"
"00002856","CONJ RESIDENCIAL GUADALUPE REAL CRA 53 NO 1 A 50","Conjuntos residenciales"
"00005280","CONJ RESIDENCIAL JOCKEY CLUB VI CLL 12A NO 108 71","Conjuntos residenciales"
"00002743","CONJ RESIDENCIAL NUEVA CASTILLA CRA 88D N 8C 31","Conjuntos residenciales"
"00002290","CONJ RESIDENCIAL NUEVA CASTILLA IL CL 8C NO 87B 90","Conjuntos residenciales"
"00001512","CONJ RESIDENCIAL NUEVA CASTILLA V CLL 8C NO 87B 15","Conjuntos residenciales"
"00014779","CONJ RESIDENCIAL NUEVO SUBA III PH","Conjuntos residenciales"
"00005423","CONJ RESIDENCIAL PIETRA SANTA PH CLL 167 NO 5625","Conjuntos residenciales"
"00022208","CONJ RESIDENCIAL PUERTO NUEVO PH CRA 57 NO 38 290","Conjuntos residenciales"
"00004192","CONJ RESIDENCIAL TABAKU CENTRAL CRA 82 A NO 6 11","Conjuntos residenciales"
"00014050","CONJ RESIDENCIAL TORRE GIRONELA","Conjuntos residenciales"
"00009764","CONJ RESIDENCIAL TORREMORA IL CLL 71 BIS NO 91 56","Conjuntos residenciales"
"00025667","CONJ RESIDENCIAL TORRES DE SAIRA PH","Conjuntos residenciales"
"00023755","CONJ RESIDENCIAL TORRES DE SEVILLA","Conjuntos residenciales"
"00002921","CONJ RESIDENCIAL TORRES DEL BOSQUE TV9 NO 56A N 58","Conjuntos residenciales"
"00027976","CONJ RESIDENCIAL TORRES DEL LAGO","Conjuntos residenciales"
"00001723","CONJ RESIDENCIAL VERONA CLUB HOUSE CL20 NO 121 234","Conjuntos residenciales"
"00009452","CONJ RESIDENCIAL VIDA NUEVA I Y IL CRA 18 NO 10 25","Conjuntos residenciales"
"00002415","CONJ RESIDENCIAL VILLAS DEL MAYOR TV 9 NO 17A 246","Conjuntos residenciales"
"00030125","CONJ SANTA BARBARA CENTRAL 1","Conjuntos residenciales"
"00001486","CONJ SENDEROS DEL PORVENIR ILL CL 54C SUR NO 97 20","Conjuntos residenciales"
"00010429","CONJ VILLAS DE ALCALA SUPER LOTE 3 CR 112A BIS 71C","Conjuntos residenciales"
"00030083","CONJ VILLAS DE SANTO DOMINGO","Conjuntos residenciales"
"00022984","CONJ VILLAS DEL MEDITERRANEO CR 39A N 40F SUR 02","Conjuntos residenciales"
"00022374","CONJUNTO 1 BOSQUES DE CUBA PH","Conjuntos residenciales"
"00017897","CONJUNTO 1 PORTALES DEL CASTILLO KM 21 VIA JAMUNDI","Conjuntos residenciales"
"00020998","CONJUNTO 2 CONDOMINIO LA PRADERA","Conjuntos residenciales"
"00001167","CONJUNTO 3 LOS GUAYACANAES AV 2 B2 74N 34","Conjuntos residenciales"
"00013646","CONJUNTO 4 AZUCENAS DEL CASTILLO KM 21 VIA CALI JA","Conjuntos residenciales"
"00014832","CONJUNTO ACUARELA II","Conjuntos residenciales"
"00023642","CONJUNTO ALAMEDA ALTO PALMIRA","Conjuntos residenciales"
"00002661","CONJUNTO ALAMEDA DE SAN PEDRO CALLE 48 SUR N 86 40","Conjuntos residenciales"
"00015607","CONJUNTO ALAMEDA DEL OTONO","Conjuntos residenciales"
"00026570","CONJUNTO ALAMEDA DEL VIENTO","Conjuntos residenciales"
"00024684","CONJUNTO ALDEA DE SAN MARCO PH","Conjuntos residenciales"
"00017045","CONJUNTO ALEJANDRIA REAL PQ RESID ET7 CRA5 N 8A 58","Conjuntos residenciales"
"00008963","Conjunto Allegro Reservado Bogota","Conjuntos residenciales"
"00027581","CONJUNTO ALMERIA","Conjuntos residenciales"
"00024365","CONJUNTO ALMINAR MAURITANIA ETAPA 2","Conjuntos residenciales"
"00012318","CONJUNTO ALTAIR CRA 26 NO 18 64","Conjuntos residenciales"
"00010297","CONJUNTO ALTAVISTA DEL PORTAL PH CLL 67 B N 1360","Conjuntos residenciales"
"00013912","CONJUNTO ALTOS DE BELEN PH","Conjuntos residenciales"
"00024929","Conjunto Altos de Manantial","Conjuntos residenciales"
"00021266","CONJUNTO ALTOS DEL CHICAMOCHA VEREDA EL TABACAL","Conjuntos residenciales"
"00026555","CONJUNTO ALTOS DEL JORDAN VCIO","Conjuntos residenciales"
"00012364","CONJUNTO ALTOS DEL VIRREY CALLE 17 NO 24 46","Conjuntos residenciales"
"00014167","CONJUNTO AMATISTA A CALLE 61 93 180 CALI","Conjuntos residenciales"
"00014168","CONJUNTO AMATISTA B CALLE 61 93 48 CALI","Conjuntos residenciales"
"00015779","CONJUNTO AREA OCCIDENTE PH","Conjuntos residenciales"
"00002943","CONJUNTO ATTALEA CLUB RESIDENCIAL CLL 5 NO 5 95","Conjuntos residenciales"
"00001590","CONJUNTO BRISAS DE CASTILLA CALLE 10 NO 81B 55","Conjuntos residenciales"
"00017371","CONJUNTO BRISAS DE GRANADA IL","Conjuntos residenciales"
"00017856","CONJUNTO BRISAS DEL RIO CRA 73 NO 20 29","Conjuntos residenciales"
"00024241","CONJUNTO C URB BRISAS DE MIRAMONTE","Conjuntos residenciales"
"00015348","CONJUNTO CENTENARI BOGOTA","Conjuntos residenciales"
"00014638","CONJUNTO CENTRAL PARK CALLE 20 CALI","Conjuntos residenciales"
"00006436","CONJUNTO CERRADO BRISAS DEL BOSQUE CLL 47 NO 39 71","Conjuntos residenciales"
"00009005","CONJUNTO CERRADO NUEVA BILBAO CLL 130 NO 8 22","Conjuntos residenciales"
"00009575","CONJUNTO CERRADO PLENAVIDA CRA 42 NO 6B 37","Conjuntos residenciales"
"00018303","CONJUNTO CERRADO PRIMAVERAL PH","Centros Comerciales"
"00021399","CONJUNTO CERRADO RIO CLARO ET 1","Conjuntos residenciales"
"00022496","CONJUNTO CONDADOS DEL PORVENIR","Conjuntos residenciales"
"00025966","CONJUNTO CONDADOS DEL PORVENIR EXT","Conjuntos residenciales"
"00003008","CONJUNTO EDIFICIO 360 AVENIDA CENTENARIO NO 3 100","Conjuntos residenciales"
"00009455","CONJUNTO FALCO VIA PARQUE CENTRAL 4 40","Conjuntos residenciales"
"00017065","CONJUNTO HACIENDA PENALISA ALMENDRO CRA11 NO 11 61","Conjuntos residenciales"
"00016277","CONJUNTO LAS BRISAS PARQUE CALLE 31 No 24 36","Conjuntos residenciales"
"00008130","CONJUNTO MORITO ET I AV CIRCULAR VIA CENTRAL 124","Conjuntos residenciales"
"00001867","CONJUNTO MULTIFAMILIARES COOSERVICIOS CL 5 NO 3 18","Conjuntos residenciales"
"00026897","CONJUNTO NUEVA BILBAO EXTRAORDINARI","Conjuntos residenciales"
"00026508","CONJUNTO NUEVA BILBAO PARQUEADERO","Conjuntos residenciales"
"00025177","CONJUNTO NUEVA ESPERANZA II","Conjuntos residenciales"
"00015642","CONJUNTO PARQUE CENTRAL PH","Conjuntos residenciales"
"00006843","CONJUNTO PORVENIR RESERVADO 2 CLL 52 SUR 98B 70","Conjuntos residenciales"
"00001489","CONJUNTO PORVENIR RESERVADO 9 CLL 56F NO 93C 42","Conjuntos residenciales"
"00016985","CONJUNTO RES MIRADOR DE AVALON","Conjuntos residenciales"
"00013657","CONJUNTO RESID ALAMEDA CENTRAL CLL 53 NO 98 91","Conjuntos residenciales"
"00018004","CONJUNTO RESID BARRANQUILLA LINDA CRA 51B 94 160","Conjuntos residenciales"
"00009424","CONJUNTO RESID BOSA NUEVA ETAPA 1 CRA 88C NO 63 67","Conjuntos residenciales"
"00017076","CONJUNTO RESID BRISAS DE GRANADA CALLE 79 119 95","Conjuntos residenciales"
"00008736","CONJUNTO RESID BRISAS DEL CARIBE CLL 122 09 207","Conjuntos residenciales"
"00013733","CONJUNTO RESID CARACOLI CARTAGENA CLL 32 NO 80 965","Conjuntos residenciales"
"00007477","CONJUNTO RESID EDIFICIOS CALLE 13 SUR NO 6 95 ESTE","Conjuntos residenciales"
"00012184","CONJUNTO RESID FONTIBON CENTRAL CRA 108 NO 16 H 31","Conjuntos residenciales"
"00002649","CONJUNTO RESID NUEVA MADELENA CRA 67 NO 62B 55 SUR","Conjuntos residenciales"
"00014540","CONJUNTO RESID NUEVO MILENIO PH CL 165 NO 55 A 83","Conjuntos residenciales"
"00000506","CONJUNTO RESID NUEVO SUBA IV ET CL152D 102B 10","Conjuntos residenciales"
"00018199","CONJUNTO RESID OASIS BARRANQUILLA CRA 68 74 80","Conjuntos residenciales"
"00018228","CONJUNTO RESID PATIO CENTRAL PH CRA 13 NO 21 75","Conjuntos residenciales"
"00018233","CONJUNTO RESID PIJAO CENTRAL PH CLL 63 B 71C 45","Conjuntos residenciales"
"00013499","CONJUNTO RESID PLAZA CENTRAL II","Conjuntos residenciales"
"00004595","CONJUNTO RESID PORVENIR RESERVADO 4 CL 52SUR 97 68","Conjuntos residenciales"
"00002764","CONJUNTO RESID PUEBLO NUEVO ET 2 CR 99 BIS N 14 61","Conjuntos residenciales"
"00008932","CONJUNTO RESID PUERTO NUEVO PH","Conjuntos residenciales"
"00018359","CONJUNTO RESID TERRAVERDE PH BOGOTA CRA 8C 167D 05","Conjuntos residenciales"
"00018413","CONJUNTO RESID VILLAS DE ALCATRAZ CLL 42 A 17 81","Conjuntos residenciales"
"00013749","CONJUNTO RESID VILLAS DE GUADALUPE CLL 18 NO 56 40","Conjuntos residenciales"
"00017132","CONJUNTO RESID VILLAS DEL CAMPO CL10 125 A 41 CALI","Conjuntos residenciales"
"00015035","CONJUNTO RESID VILLAS DEL TREBOL PH CRA9 NO 5 A 42","Conjuntos residenciales"
"00018419","CONJUNTO RESID VILLAS TAYRONA CLL 13 NO 2 80","Conjuntos residenciales"
"00029610","CONJUNTO RESIDENCIAL 826 CENTRAL","Conjuntos residenciales"
"00021065","CONJUNTO RESIDENCIAL ALTABRISA","Conjuntos residenciales"
"00023560","CONJUNTO RESIDENCIAL ALTIANI","Centros Comerciales"
"00002354","CONJUNTO RESIDENCIAL CENTRAL GARDEN CRA 65 99 109","Conjuntos residenciales"
"00007300","CONJUNTO RESIDENCIAL COLSEGUROS CALLE 12 NO 29B 78","Conjuntos residenciales"
"00005879","CONJUNTO RESIDENCIAL DARWIN PH CLL 192 NO 11 A 51","Conjuntos residenciales"
"00009083","CONJUNTO RESIDENCIAL FAISANES CRA 88 C NO 54 C 29","Conjuntos residenciales"
"00018082","CONJUNTO RESIDENCIAL ISABELLA CL 141 NO 102 A 38","Conjuntos residenciales"
"00000435","CONJUNTO RESIDENCIAL ISABELLA PH CL142 C N 102B 44","Conjuntos residenciales"
"00023793","CONJUNTO RESIDENCIAL LA ISABELLA","Conjuntos residenciales"
"00018633","CONJUNTO RESIDENCIAL NUEVA FORESTA","Conjuntos residenciales"
"00012022","CONJUNTO RESIDENCIAL NUEVA GER CRA 7B 14 28","Conjuntos residenciales"
"00003070","CONJUNTO RESIDENCIAL NUEVO SOL CLL 6 B NO 80 G 95","Conjuntos residenciales"
"00029010","conjunto residencial vegas de","Conjuntos residenciales"
"00024144","CONJUNTO RESIDENCIAL VERDEBRISA","Conjuntos residenciales"
"00008904","CONJUNTO RESIDENCIAL VILLA COLOMBIA","Conjuntos residenciales"
"00014017","CONJUNTO RESIDENCIAL VILLANUEVA PH","Conjuntos residenciales"
"00010959","CONJUNTO SANTA ISABEL DEL RESTREPO CL13 SUR 24G 38","Conjuntos residenciales"
"00024703","CONJUNTO VILLAS DE KALAMARI","Conjuntos residenciales"
"00015784","CONJUNTO VILLAS DE LA MARIA CALI","Conjuntos residenciales"
"00000428","CONJUNTO VILLAS DE SAN SEBASTIAN CLL 73 AN NO 1204","Conjuntos residenciales"
"00002658","CONJUNTO VILLAS DE SERRANOVA VILLAS DE SERRANOVA","Conjuntos residenciales"
"00024473","CONJUNTO VILLAS DEL ENCANTO IL","Conjuntos residenciales"
"00027258","CONJUNTO VILLAS DEL MARANON CHIA","Conjuntos residenciales"
"00008228","CONJUNTO VILLAS DEL PORTAL 2 CARRERA 4 NO 63 30","Conjuntos residenciales"
"00030062","CONSORCIO ACUEDUCTO KUNDUMI PU","Otros Servicios"
"00024964","CONSORCIO CRISTAL OCCIDENTE IL","Otros Servicios"
"00003926","CONSORCIO INDUSTRIAL","Otros Servicios"
"00000939","CONSTRUSERVICIOS SOACHA CALLE 14 NO 6 07","Otros Servicios"
"00010810","CONSULTO Y SERVICIOS ESPECIALIZADOS D V SAS CL 54A","Otros Servicios"
"00005158","CONSULTORIAS ASESORIAS Y SERVICIOS CRA 4 NO 12 41","Otras Obligaciones financieras"
"00027496","CONSULTORIAS JURIDICAS DE OCCIDENTE","Otros Servicios"
"00012734","CONSULTORIOS PAGO FACIL","Otros Servicios"
"00030118","CONTASERVICIOS GROUP SAS","Otros Servicios"
"00023730","CONVENIO2 LISTOPAGOPLAZOS","Otros Servicios"
"00026118","Convenios y Servicios Mutual Tribut","Fondo De Empleados"
"00023902","Coofipopular Recaudo BDB","Otras Obligaciones financieras"
"00029290","COOFISAM ADMINISTRACION","Otros Servicios"
"00000078","COOP AHORRO CREDITO CAJA UNION COOP","Otras Obligaciones financieras"
"00023021","COOP APORTE Y CREDITO COOCRESER","Cooperativas"
"00022477","COOP COMUNA CREDITOS","Cooperativas"
"00007302","COOP D EMPLEADOS DL BANCO DE BOGOTA","Fondo De Empleados"
"00011540","COOPE DE AHORRO Y CREDITO MANUELITA","Cooperativas"
"00000847","COOPEOCCIDENTE","Cooperativas"
"00011642","COOPERATIV NACIONAL DE TRABAJADORES","Otros Servicios"
"00021594","COOPERATIVA","Otros Servicios"
"00000061","COOPERATIVA AHORRO CREDITO AVANZA","Cooperativas"
"00000044","COOPERATIVA AVP","Cooperativas"
"00011083","COOPERATIVA CAFICULTORES DEL CAUCA CRA 9 68 N 04","Otros Servicios"
"00020090","Cooperativa Coopentel","Cooperativas"
"00016730","COOPERATIVA COOTRESCO CALLE 24 NOA NO 14 28","Otros Servicios"
"00022749","COOPERATIVA DE BIENESTAR FAMILIAR","Cooperativas"
"00018655","COOPERATIVA DE CREDITO CORVINDE","Cooperativas"
"00015213","COOPERATIVA DE EDUCACION DE RISARAL","Cooperativas"
"00022560","COOPERATIVA DE MOTORISTAS DE CALARC","Otros Servicios"
"00008421","COOPERATIVA DE TRABAJO ASOCIADO CTA CRA 5 NO 13 81","Conjuntos residenciales"
"00004385","COOPERATIVA DE TRANSPORTE ESPECIAL CRA 47 11 70","Servicios De Transporte"
"00007401","COOPERATIVA DE TRANSPORTES VELOTAX","Cooperativas"
"00012630","COOPERATIVA GRANCOOP CALLE 11 NO 55 A 41 CALI","Cooperativas"
"00017135","COOPERATIVA INDUSTRIAL DE BOYACA CIUDADELA IND","Cooperativas"
"00000881","COOPERATIVA MULTIACTIVA DE DELIMA","Otros Servicios"
"00007806","COOPERATIVA MULTIACTIVA DE DESARROLLO NACIONAL","Cooperativas"
"00010738","COOPERATIVA MULTIACTIVA DE LA UNION","Cooperativas"
"00020698","COOPERATIVA MULTIACTIVA GORACOOP","Otros Servicios"
"00016242","COOPERATIVA MULTIACTIVA LOS FUNDADORES KR56No9 60","Cooperativas"
"00011340","COOPERATIVA MULTIACTIVA MIR DE COLOM CL25G 73A 07","Otros Servicios"
"00000388","COOPERATIVA PIO XII","Cooperativas"
"00000389","COOPERATIVA SIGLO XX","Cooperativas"
"00000129","COOPERATIVA SUYA","Cooperativas"
"00002263","COOPERATIVA TRABAJO ASOCIADO","Cooperativas"
"00009490","COOPERTATIVA NUEVO MILENIO","Cooperativas"
"00001323","COOPICREDITO","Cooperativas"
"00009539","COOPROFESORES CREDITO APORTES Y PAP","Cooperativas"
"00006618","COOPROPIEDAD EDIFICIO ANTARES DE GIRARDOT","Conjuntos residenciales"
"00018474","COOPSERVICIOS ASOCIADOS SAS TRANSV 120 NO 78B 87","Cooperativas"
"00002843","Cootracerrejon Credito","Cooperativas"
"00003898","COOTRADECUN APOR CREDITO","Cooperativas"
"00005046","COOTRAEMCALI","Cooperativas"
"00013310","COOTRANSZIPA ASOCIACION COOPERATIVA CRA 36 NO 6 40","Cooperativas"
"00013540","COPROHICACAO","Cooperativas"
"00025138","COPROP EDIF BANCO POPULAR PH","Conjuntos residenciales"
"00025268","COPROP VILLA LINDA ENMURILLO 3ETAPA","Conjuntos residenciales"
"00024125","COPROPDAD BOSQUE ENCANTADO POPAYAN","Conjuntos residenciales"
"00010562","COPROPIEDAD CENTRO MEDICO BOCAGRANDE CLL 5 N 64 19","Otros Servicios"
"00014773","COPROPIEDAD CONDOMINIO SAN S","Conjuntos residenciales"
"00004326","COPROPIEDAD EDIF EL CONQUISTADOR","Conjuntos residenciales"
"00014318","COPROPIEDAD EDIFICIO ANGEL S P","Conjuntos residenciales"
"00004670","COPROPIEDAD EDIFICIO FARO TEQUENDAMA CRA 1 N 3 39","Conjuntos residenciales"
"00018478","COPROPIEDAD EDIFICIO NORMANDIA CLL 53 A 71 C 20","Conjuntos residenciales"
"00024889","COPROPIEDAD EDIFICIO RIO BADILLO","Conjuntos residenciales"
"00018479","COPROPIEDAD EDIFICIO SAN MARTIN BOCAGRANDE CRA 2","Conjuntos residenciales"
"00018480","COPROPIEDAD HABITACIONAL LAS BOVEDAS CTRO SAN DIEG","Conjuntos residenciales"
"00000627","COPROPIEDAD PORTAL DEL CERRO CRA 2 21D NORTE 100","Conjuntos residenciales"
"00024139","COPROPIEDAD PUERTO MADERO POPAYAN","Conjuntos residenciales"
"00028682","COPROPIEDAD ZF DEL PACIFICO","Otras Obligaciones financieras"
"00017137","COPROPIETARIOS EDIF DEL RIO CARRERA 1 OESTE 1B 16","Servicios Inmobiliarios"
"00004232","COPROPIETARIOS EDIFICIO COMODORO","Conjuntos residenciales"
"00010453","COR UNIAMERICANA BOGOTA","Instituciones Educativas"
"00018485","CORP INTERNACIONAL EN SISTEMAS E INFORMA CLL 5 38","Otros Servicios"
"00003790","CORP MI IPS NORT DE SANTANDER","Salud y medicina"
"00003797","CORP MI IPS OCCIDENTE COM DEL","Salud y medicina"
"00004881","CORP MICROCREDITO BCO BOGOTA","Otras Obligaciones financieras"
"00012825","CORPASALUD","Salud y medicina"
"00021875","CORPENTUNIDA SEGURO DE VIDA TV 29 38 22","Otros Servicios"
"00015493","CORPORACION COLOMBIA INTERNACIONAL","Otros Servicios"
"00013630","CORPORACION EDUCATIVA POPULAR","Instituciones Educativas"
"00003981","CORPORACION SALUD UN","Fundaciones"
"00016254","CORPORACION SERVICIOS JERC SAS KR52BNo18 71 CALI","Otros Servicios"
"00011296","CORPORACION UNIVERS RAFEL NUNEZ","Otros Servicios"
"00020973","CORPORACION UNIVERSITARIA EMPRESARIAL DE SALAMANCA","Instituciones Educativas"
"00002083","Corredores de seguros del Vall","Empresas De Seguros"
"00010544","CORSEGURO LTDA CARRERA 7 NO 19 28 OFICINA 305","Empresas De Seguros"
"00026297","Countrymall Administracion","Otras Obligaciones financieras"
"00004079","COVIEMCALI","Cooperativas"
"00001263","CR AGRUP NUEVA CASTILLA ETP 4","Conjuntos residenciales"
"00027906","CR ALMENDRO PH CR 55 235 22 BOGOTA","Conjuntos residenciales"
"00016212","CR AMONTE NUEVA COLINA PH","Conjuntos residenciales"
"00028584","CR ARRAYANES DE PENALISA","Conjuntos residenciales"
"00016386","CR ATACAMA CANDELARIA LA NUEVA","Conjuntos residenciales"
"00017998","CR BALCONES DEL JARDIN CARTAGENA CIUDAD JARDIN","Conjuntos residenciales"
"00016830","CR Boreal Colsubsidio Cll 6 N 68 45","Conjuntos residenciales"
"00026472","CR Bosa Nueva Et 1 Extraord","Conjuntos residenciales"
"00009094","CR BOSQUES DE BOGOTA 1","Conjuntos residenciales"
"00023640","CR BRISAS CERRO CUOTA EXTRAORDINARI","Conjuntos residenciales"
"00010318","CR BRISAS DE ABRIL diagonal 1 No 17 51","Conjuntos residenciales"
"00021836","CR BRISAS DE BUENAVISTA","Conjuntos residenciales"
"00014474","CR BRISAS DE FARALLONES","Conjuntos residenciales"
"00018557","CR CENTRAL PARK PH CL 74 SUR 45 27","Conjuntos residenciales"
"00021597","CR COLSEGUROS CRA 24 No 80 51 DIAM 2","Conjuntos residenciales"
"00021137","CR COPROCENVA CL4 73 120","Conjuntos residenciales"
"00029208","CR CORAL PH 75 A 21 62 BOGOTA","Conjuntos residenciales"
"00027902","CR GUAYACAN PH CR 55 235 11 BOGOTA","Conjuntos residenciales"
"00010145","CR JARDIN DE LAS VEGAS VIS CRA 85D No 54 60","Conjuntos residenciales"
"00010761","CR LA ESPERANZA 1 CHIPS","Conjuntos residenciales"
"00005999","Cr Marques de Suba Administracion","Conjuntos residenciales"
"00004473","CR NUEVO CONQUISTADORES ET I Y II PH CR 65F 30C 10","Conjuntos residenciales"
"00028536","CR NUEVO RICAURTE","Conjuntos residenciales"
"00016759","CR PALMERAS CACIQUE 2 FONDO PISCINA","Conjuntos residenciales"
"00021080","CR PARQUE CENTRAL FONTIBON 1 PH","Conjuntos residenciales"
"00001487","CR PARQUE CENTRAL PONTEVEDRA ET1","Conjuntos residenciales"
"00009500","CR PARQUECENTRALCL18 O AV10 O No300","Conjuntos residenciales"
"00000770","CR PARQUES DE BOGOTA PINO CRA 88C N 88 25SUR","Conjuntos residenciales"
"00025823","Cr Parques de Bogota Pino Ext","Conjuntos residenciales"
"00006086","CR PARQUES DE BOGOTA ROBLE CLL 83 sur N 9489","Conjuntos residenciales"
"00025240","CR PORVENIR RESERVADO CASAS II","Conjuntos residenciales"
"00027901","CR ROBLE PH CR 55 235 65 BOGOTA","Conjuntos residenciales"
"00024566","Cr Samaria Ph Medellin","Conjuntos residenciales"
"00016588","CR SAUCES II D P COPROPIEDADES SAS CL56No736 OF203","Conjuntos residenciales"
"00024841","CR SENDEROS DE MULI ACUEDUCTO","Conjuntos residenciales"
"00016620","CR VALLE DEL LILI SECT 1 ADMINISTRACION CL26No8140","Conjuntos residenciales"
"00010473","CR VILLAS DE ALCALA ETAPA 2 CRA112A BIS N 71C62","Conjuntos residenciales"
"00023938","CREDICREDITOS SAS","Otros Servicios"
"00027032","CREDISERVIR AHORRO Y CREDITO","Cooperativas"
"00021140","CREDITO COMFANDI FASE IL","Otros Servicios"
"00027366","CREDITO PRIVADO V FIC SURA","Otros Servicios"
"00014887","CREDITODO","Otros Servicios"
"00029603","creditos Diport sas kuikash","Otros Servicios"
"00015055","CREDITOS EDUCATIVOS FES","Otras Obligaciones financieras"
"00024412","creditos temporales sas","Otros Servicios"
"00004164","Credivalores Tarj CreditoyTigo","Otras Obligaciones financieras"
"00013595","CREER IPS SAS CLL 9 no 16 31","Salud y medicina"
"00013447","CREG COMISION REG DE ENERGIA Y GAS","Otros Servicios"
"00015203","CRISTACRYL BUCARAMANGA","Otros Servicios"
"00005213","CRUZ ROJA CUND VACUNEXTRAM","Otros Servicios"
"00017029","CTRO COMERCIAL EL DIAMANTE I CALI CRA5 15 70 PI 4","Centros Comerciales"
"00014299","CTRO COMERCIAL Y EMPRESARIAL ALTAMONTE CRA33 47 44","Centros Comerciales"
"00026129","CTRO MEDICO EMPRESARIAL CENTENARIO","Conjuntos residenciales"
"00018694","CUOTA EXT EDIFICIO CENTRALLE","Conjuntos residenciales"
"00011855","Cuota moderadora EPS Sanitas","Salud y medicina"
"00015742","CYCLIPSIS CARRERA 81 NO 32 204","Otros Servicios"
"00021701","D HERSON CRA 73 30 36 MEDELLIN","Otros Servicios"
"00011964","DATAPAGOS","Otros Servicios"
"00013346","DEPOSITO DE DROGAS PARIS LTDA","Otros Servicios"
"00027972","DIAL SOLUCIONES EMPRESARIALES SAS","Conjuntos residenciales"
"00027340","DIPSA","Otros Servicios"
"00000122","DIRECTV","Televisión Por Suscripción"
"00000354","DISALUD","Otros Servicios"
"00014835","DISPOMEDIC INTERNACIONAL","Otras Obligaciones financieras"
"00028906","DIST NACIONAL DE LUBRICANTES CALI","Otras Obligaciones financieras"
"00021973","DISTRIACERO NACIONAL SAS","Otros Servicios"
"00027190","DISTRIBUIDORA NACIONAL DE LUBRICANT","Otros Servicios"
"00001872","DISTRINACIONAL","Otros Servicios"
"00000187","DISTRINACIONAL AV","Otros Servicios"
"00002117","DISTRIOCCIDENTE","Otros Servicios"
"00011646","DIVERTRONICA MEDELLIN SAS","Otros Servicios"
"00011702","DONACIONES ALCALDIA DE CARTAGENA","Otros Servicios"
"00027776","DPG SEGUROS SOCIEDAD LTDA","Empresas De Seguros"
"00028124","DPTO ARAUCA IMP VEH NACIONAL","Impuestos"
"00012751","DROGAS PROFESIONAL","Otros Servicios"
"00009331","DROGAS SYS SA","Otros Servicios"
"00011644","DROPOPULAR SA","Otros Servicios"
"00015848","DUPLICADO PERMISO PROTECCION TEMPOR","Otros Servicios"
"00023995","EAT BOX BUCARAMANGA","Otros Servicios"
"00013363","ECOPETROL","Otros Servicios"
"00030288","ED AVALON PH","Conjuntos residenciales"
"00014764","ED CAJA AGRARIA","Conjuntos residenciales"
"00029936","ED COMERCIAL SAN ANDRESITO","Centros Comerciales"
"00013050","ED CONDOMINIO NUEVO RODADERO CL 5A 4 40 RODADERO","Conjuntos residenciales"
"00024153","ED ICARO CALLE 103 PH BOGOTA","Conjuntos residenciales"
"00015781","ED MULTIFAMILIAR MALIBU BUCARAMANGA","Conjuntos residenciales"
"00019218","ED ORANGE SUITES CARTAGENA CLL 5 NO 5 15 CASTILLO","Conjuntos residenciales"
"00022822","ED RESERVA DEL PARQUE BUCARAMANGA","Conjuntos residenciales"
"00030303","ED VALLADARES  BUCARAMANGA","Conjuntos residenciales"
"00006477","EDEPSA SOLUCIONES AMBIENTALES ESP S","Otros Servicios"
"00009189","EDIF ARBOLEDA DE LAS VEGAS CRA 85C 1 NO 54B 27","Conjuntos residenciales"
"00016463","EDIF AVENIDA 127 CENTRO EMPRESARIAL KR14No127 15","Conjuntos residenciales"
"00008884","EDIF BANCO BOGOTA CALI","Otros Servicios"
"00026235","EDIF BANCO SANTANDER","Conjuntos residenciales"
"00005563","EDIF CENTRO COMERCIAL PLAZA NORTE CL 44 NORTE NO 3","Centros Comerciales"
"00003250","EDIF COMPAÑIA COLOMBIANA DE SEGUROS CL12B NO 8A 03","Conjuntos residenciales"
"00007643","EDIF MULTIFAMILIAR PLAZA CENTRAL CRA 15 NO 31 50","Conjuntos residenciales"
"00019922","EDIF NATURA VIDA SILVESTRE CRA 26 NO 8A AV VILLAS","Conjuntos residenciales"
"00022119","EDIF OFICINAS 93 CENTRO EMPRESARIAL PH CL 93","Conjuntos residenciales"
"00018737","EDIFICIO 1476 CENTRO EMPRESARIAL CRA 14 NO 76 26","Conjuntos residenciales"
"00001831","EDIFICIO ACROPOLIS CLL 51 NO 24 06","Centros Comerciales"
"00026832","EDIFICIO ALTOS DE MIRAFLORES","Centros Comerciales"
"00025644","EDIFICIO ALTOS DEL ROSAL PH","Centros Comerciales"
"00018546","EDIFICIO AVENIDA COLOMBIA","Conjuntos residenciales"
"00018545","EDIFICIO AVENIDA COLOMBIA EXTRA","Conjuntos residenciales"
"00029739","EDIFICIO BANCO CENTRAL HIPOTEC","Conjuntos residenciales"
"00019685","EDIFICIO BANCO GANADERO CHICO 93 CRA 15 NO 93 75","Conjuntos residenciales"
"00019686","EDIFICIO BANCO MERCANTIL CARRERA 17 34 86","Conjuntos residenciales"
"00019687","EDIFICIO BANCOQUIA 1 CALLE 35 CARRERA NO 17 77","Conjuntos residenciales"
"00019696","EDIFICIO BLOQUE 1 CRA 23 NO 20 57 BUCARAMANGA","Conjuntos residenciales"
"00017169","EDIFICIO BOGOTA PH CALLE 15 NO 8 A 58","Conjuntos residenciales"
"00014222","EDIFICIO BOLSA DE OCCIDENTE CLL10 4 30 CALI CENTRO","Conjuntos residenciales"
"00025143","EDIFICIO BOULEVARD 33 PASTO","Centros Comerciales"
"00019705","EDIFICIO CABO VERDE PH MEDELLIN TV 38 71 26","Conjuntos residenciales"
"00025645","EDIFICIO CAMINOS DE EMAUS PH","Centros Comerciales"
"00018575","EDIFICIO CAPRI BARRANQUILLA","Conjuntos residenciales"
"00010754","EDIFICIO CAVALIERI PH CR 16 NO 112 67","Conjuntos residenciales"
"00026714","EDIFICIO CELTA PH CHAPINERO","Centros Comerciales"
"00006185","EDIFICIO CENTRAL PARK 43 CALLE 43 A 9 48","Conjuntos residenciales"
"00019444","EDIFICIO CENTRO COLSEGUROS","Conjuntos residenciales"
"00025066","EDIFICIO CENTRO COMERCIAL ASTROCENT","Centros Comerciales"
"00002997","EDIFICIO CENTRO COMERCIAL ORBE CARRERA 5 NO 11 28","Centros Comerciales"
"00011179","EDIFICIO CENTRO DEL COMERCIO PH","Centros Comerciales"
"00005183","EDIFICIO CENTRO EMPRESARIAL AV ROOSVELT NO 39 25","Conjuntos residenciales"
"00027820","EDIFICIO CENTRO EMPRESARIAL B Y E","Centros Comerciales"
"00019728","EDIFICIO CENTRO EMPRESARIAL CIEN CLL 100 NO 19 61","Conjuntos residenciales"
"00019729","EDIFICIO CENTRO EMPRESARIAL PH PEREIRA CLL 17 7 12","Conjuntos residenciales"
"00015412","EDIFICIO CENTRO MEDICO UNIR","Centros Comerciales"
"00023646","EDIFICIO CENTRO PROFESIONAL 93 PH","Centros Comerciales"
"00018945","EDIFICIO CIENT6 TORRE EMPRESARIAL CLL 106 NO 56 41","Conjuntos residenciales"
"00021488","EDIFICIO CLINICA COLSANITAS CALI","Conjuntos residenciales"
"00023389","EDIFICIO COLOMBIA","Conjuntos residenciales"
"00017025","EDIFICIO COLOMBIA cra 28 no 35 65","Conjuntos residenciales"
"00006087","EDIFICIO COLSEGUROS CRA 7 PH CRA 7 NO 17 01 CLL 17","Conjuntos residenciales"
"00006586","EDIFICIO COMMODORE SAN ANDRES AV COLOMBIA NO 2 25","Conjuntos residenciales"
"00027112","Edificio Commune 54 PH","Conjuntos residenciales"
"00026723","EDIFICIO CONVIVIENDA I P H","Centros Comerciales"
"00022685","EDIFICIO CUESTA CENTRAL PH","Conjuntos residenciales"
"00023977","EDIFICIO EJECUTIVO 53","Centros Comerciales"
"00019778","EDIFICIO EKA BOGOTA CARRERA 84 77A 40","Conjuntos residenciales"
"00020469","EDIFICIO EL ESPEJO DEL PARQUE","Centros Comerciales"
"00015972","EDIFICIO EL PEÑON AV COLOMBIA 1 23","Conjuntos residenciales"
"00019794","EDIFICIO EL PINAR ILL CLL 14 NO 35 86 BUCARAMANGA","Conjuntos residenciales"
"00021652","Edificio El Porvenir Cll 54 No 9 08","Conjuntos residenciales"
"00022453","EDIFICIO ENTREVERDE GRAN RESERVA PH","Centros Comerciales"
"00019814","EDIFICIO FUENTE PIEDRA CRA 40 NO 48 07 BUCARAMANGA","Conjuntos residenciales"
"00019011","EDIFICIO H NUEVO HORIZONTE CALLE 84 42C 181","Conjuntos residenciales"
"00010173","EDIFICIO HANSA REEF SAI AVVILLAS AV COLOMBIA 1B141","Conjuntos residenciales"
"00025537","EDIFICIO IBIZA BARRANQUILLA","Conjuntos residenciales"
"00019907","EDIFICIO IBIZA PH BOGOTA CRA 49 124 27","Conjuntos residenciales"
"00027434","Edificio infinito 1111 Mosquera","Centros Comerciales"
"00006056","EDIFICIO JARDIN CENTRAL CONJUNTO CRA 16B NO 164 46","Conjuntos residenciales"
"00024126","EDIFICIO KAVALA STANZA PRO HORI","Conjuntos residenciales"
"00019839","EDIFICIO LA FONTANA BUCARAMANGA CRA 37 42 100","Conjuntos residenciales"
"00011857","EDIFICIO LAFORET CRA 39 51 14 BUCARAMANGA","Conjuntos residenciales"
"00027128","EDIFICIO LOTUS CARTAGENA","Conjuntos residenciales"
"00019115","EDIFICIO LUXOR BARRANQUILLA CLL 106 NO 49 E 45 59","Conjuntos residenciales"
"00019114","EDIFICIO LUXOR CALLE 105 NO 19 A 52 BOGOTA","Conjuntos residenciales"
"00020766","EDIFICIO MADAGASCAR PROPIEDAD HORI","Conjuntos residenciales"
"00021750","EDIFICIO MANDALAY CALLE 5 C NO 72 B 75 BOGOTA","Conjuntos residenciales"
"00019947","EDIFICIO MARE MARE IV Calle 128 7a 31 Bogota","Conjuntos residenciales"
"00012983","EDIFICIO MIRADOR DE LAS VEGAS CLL 74 SUR NO 46E 78","Conjuntos residenciales"
"00019148","EDIFICIO MIRAFIORI BOGOTA CARRERA 13 A NO 127 55","Conjuntos residenciales"
"00016141","EDIFICIO MIRAVALLE POPAYAN CARRERA 9 NO 4N 29","Conjuntos residenciales"
"00019959","EDIFICIO MIRAVALLES PH CLL 14 26 48","Conjuntos residenciales"
"00006274","EDIFICIO MONTECLARO PH PILARICA CR 73C NRO 74 247","Conjuntos residenciales"
"00007639","EDIFICIO MULTIFA MIXTO LAS VEGAS CRA 85C NO 55A 28","Conjuntos residenciales"
"00013821","EDIFICIO MURANO BUCARAMANGA CL 34 NO 27 54","Conjuntos residenciales"
"00010567","EDIFICIO N6 VILLA SURAMERICANA","Conjuntos residenciales"
"00016509","EDIFICIO NUEVO ALCAZAR P H CLL 146 NO 17 39","Conjuntos residenciales"
"00009536","EDIFICIO NUEVO ORIENTE PH CLL 49 NO 39 16","Conjuntos residenciales"
"00026546","EDIFICIO NUEVO PALOS VERDES PH","Conjuntos residenciales"
"00019207","EDIFICIO NUEVO TOLOUSE PH TV TV 20 NO 124 04","Conjuntos residenciales"
"00028219","EDIFICIO ORION BUCARAMANGA","Conjuntos residenciales"
"00025246","EDIFICIO ORIZZONTE 625 PH","Centros Comerciales"
"00024555","EDIFICIO PARAISO CENTRAL ETAPA","Conjuntos residenciales"
"00007791","EDIFICIO PARK AVENUE BARRANQUILLA","Conjuntos residenciales"
"00022843","EDIFICIO PARQUE CENTRAL CRA 23 NO 30 25","Conjuntos residenciales"
"00011007","EDIFICIO PARQUE CENTRAL P H CALLE 18 3044","Conjuntos residenciales"
"00005384","EDIFICIO PORTO REAL TV 62 NO 6 29 BUCARAMANGA","Conjuntos residenciales"
"00020481","EDIFICIO PRADO ALTO CLL 34 NO 34 60 BUCARAMANGA","Conjuntos residenciales"
"00007883","EDIFICIO PRADO REAL PH CLL 61 NO 50 69 MEDELLIN","Conjuntos residenciales"
"00007899","EDIFICIO QOSQO CLL 79 NO 43 269 BARRANQUILLA","Conjuntos residenciales"
"00020030","EDIFICIO QUINTA REAL CL 35 No 8 25 Bucaramanga","Conjuntos residenciales"
"00027064","EDIFICIO RESERVA CENTRAL PH","Conjuntos residenciales"
"00019541","EDIFICIO RINCON DEL PARQUE CR 11 D 118A 24 BOGOTA","Conjuntos residenciales"
"00012571","Edificio Rio Claro","Conjuntos residenciales"
"00020051","EDIFICIO SAN GERMAN CLL19 No 24 55 Bucaramanga","Conjuntos residenciales"
"00019352","EDIFICIO SANTA CATALINA BOGOTA TV 19 A 96 08","Conjuntos residenciales"
"00015987","EDIFICIO SANTA ISABELLA bucaramanga","Conjuntos residenciales"
"00025916","EDIFICIO SANTA LUCIA FONDO DE OBRAS","Conjuntos residenciales"
"00010144","EDIFICIO SEA VIEW AV COLOMBIA 167","Conjuntos residenciales"
"00015544","EDIFICIO SEGUROS ALFA","Conjuntos residenciales"
"00018890","EDIFICIO SORRENTO BUCARAMANGA CRA 31 NO 21 28","Conjuntos residenciales"
"00019914","EDIFICIO SORRENTO CARTAGENA CRA 2 NO 41 78 CABRERO","Conjuntos residenciales"
"00003817","EDIFICIO SOTOMAYOR CENTRAL CALLE 50 N 22 87","Conjuntos residenciales"
"00022596","EDIFICIO SURAMERICA","Conjuntos residenciales"
"00023150","EDIFICIO SURAMERICANA","Conjuntos residenciales"
"00027418","EDIFICIO TERRACOTA BUCARAMANGA","Conjuntos residenciales"
"00019418","EDIFICIO TORINO BARRANQUILLA CRA 63 NO 64 03","Conjuntos residenciales"
"00020100","EDIFICIO TORRE 24 CRA 24 No 11 36 Bucaramanga","Conjuntos residenciales"
"00010742","EDIFICIO TORRE COLSEGUROS CALLE 21 N 16 6","Conjuntos residenciales"
"00006636","EDIFICIO TORRELIMA 1 CLL 55 NO 40 14 MEDELLIN","Conjuntos residenciales"
"00019472","EDIFICIO TRENTINO BUCARAMANGA CRA 25 NO 14 61","Conjuntos residenciales"
"00008114","EDIFICIO TREVISO BUCARAMANGA CLL 20 NO 26 44","Conjuntos residenciales"
"00019475","EDIFICIO TRIVENTO BOGOTA CLL 126 A NO 7 C 67","Conjuntos residenciales"
"00020118","EDIFICIO TRIVENTO CLL 35 No 27 99 Bucaramanga","Conjuntos residenciales"
"00014753","EDIFICIO TWINS VILLAGE PH","Conjuntos residenciales"
"00019485","EDIFICIO VANESSA CALLE 61 NO 7 44 BOGOTA","Conjuntos residenciales"
"00020126","EDIFICIO VARGAS PH AVENIDA CARRERA 14 NRO 63 55","Conjuntos residenciales"
"00008938","EDIFICIO VILLA COLOMBIA PH CRA 41 NO 49 42","Conjuntos residenciales"
"00010172","EDIFICIO VILLA DEL MAR AV COLOMBIA CRA 1B 224","Conjuntos residenciales"
"00023964","EDIFICIO VILLA MAGNA BARRANQUILLA","Conjuntos residenciales"
"00016195","EDIFICIO WIND PLAYA SALGUERO CLL 24 1 98 PLAYA","Conjuntos residenciales"
"00026286","EDIFICIO WINDSOR","Conjuntos residenciales"
"00020810","EDIFICIO ZERO CALLE 38 NO 34 55 BUCARAMANGA","Conjuntos residenciales"
"00012737","EDIFICIO ZONA U CRA 23 NO 8 50 COMUNEROS","Conjuntos residenciales"
"00022057","EDIFICO CENTRALLE PH CLL 54 NO 10 46","Conjuntos residenciales"
"00027462","EDIFICO EL LAGUITO PH","Centros Comerciales"
"00012011","EDS AUTOGAS SAS","Otros Servicios"
"00000681","EDUCACIÓN INFANTIL DE COLOMBIA SAS CRA 40B N 10 27","Instituciones Educativas"
"00020140","EJECUTIVOS COOPERATIVA DE TRABAJO CALLE 23 102 33","Otros Servicios"
"00007549","EL CEDRO COOPERATIVA","Cooperativas"
"00024136","EL DORAL BUCARAMANGA","Conjuntos residenciales"
"00006890","EL PORTAL DE J VARGAS AVENIDA CALLE 68 NO 60 97","Conjuntos residenciales"
"00016792","EL RECURSO INDUSTRIAL","Otros Servicios"
"00013121","ELEARNING ATLETICO NACIONAL","Otros Servicios"
"00013199","ELECTRICOS INTERNACIONAL","Otros Servicios"
"00024090","ELECTRO ENERGIA SAS","Otros Servicios"
"00023109","ELECTRO INSUMOS DE OCCIDENTE SAS","Otros Servicios"
"00005351","ELECTROCREDITOS DEL CAUCA","Otros Servicios"
"00028003","ELIPSE II PH TV 21 45D 14","Conjuntos residenciales"
"00027146","EMP SERVICIOS TEMPORALES GRUPO FUT","Otras Obligaciones financieras"
"00009995","EMP TRASPDRA DE CARGA COLOMBIA ENTR","Conjuntos residenciales"
"00029683","EMPRESA DE VIGILANCIA PEGASO L","Otros Servicios"
"00023901","EMPRESA ESPECIALIZADA EN DERECHO Y","Conjuntos residenciales"
"00029875","EMPRESA INTERNACIONAL DE SOLUCIONES","Otros Servicios"
"00020154","EMPRESA VIGILANCIA PRIVADA CAVALIER cll67b 65b 44","Otros Servicios"
"00019528","EMPRESAS EDUCATIVAS INTEGRALES LIMITADA","Instituciones Educativas"
"00000043","Enel Recaudo Masivo Energia","Servicios Públicos"
"00003776","ENERGIA CENS EPM","Servicios Públicos"
"00000113","ENERGIA CENTRAL ELECTRICAS NTESTDER","Servicios Públicos"
"00000023","ENERGIA CHEC CALDAS","Servicios Públicos"
"00002164","ENERGIA DE CASANARE ENERCA","Servicios Públicos"
"00019672","ENERGIA ELECTRICA EMEESA","Servicios Públicos"
"00000022","ENERGIA ELECTROCAQUETA","Servicios Públicos"
"00000530","ENERGIA ELECTROHUILA SA","Servicios Públicos"
"00001302","ENERGIA ENERTOTAL SA ESP","Servicios Públicos"
"00007719","ENERGIA RUITOQUE","Servicios Públicos"
"00005020","ENERGIA VATIA SA ESP","Servicios Públicos"
"00008418","ENERGIA Y POTENCIA SAS","Otros Servicios"
"00007514","EPM NO RECURRENTE","Servicios Públicos"
"00023417","EQUIPOS PROYECTOS INDUSTRIALES SAS","Otros Servicios"
"00015324","ESCUELA DE SALUD BOGOTA","Otros Servicios"
"00019530","ESCUELA DE SALUD SAN PEDRO CLAVER","Instituciones Educativas"
"00024450","ESCUELA DE SALUD TERESA DE CALCUTA","Instituciones Educativas"
"00020975","ESCUELA NAVAL DE SUBOFICIALES VIA 40 CLL 58 ESQ","Instituciones Educativas"
"00020143","ESKUELA NACIONAL DE LA PH SAS AV 2 OESTE 12 82","Instituciones Educativas"
"00018103","ESP DIDACTICA UNIV CARTAGENA","Otros Servicios"
"00000601","ESPUMAS MEDELLIN","Otros Servicios"
"00005371","ESPUMAS MEDELLIN SA","Centros Comerciales"
"00015062","ESPUMAS SANTADER DE OCCIDENTE SAS","Otras Obligaciones financieras"
"00020144","ESTACION DE SERVICIO LOS LAGARTOS AK 72 NO 95 31","Otros Servicios"
"00021851","EUCARISTICO DE SANTA TERESA CARTAGENA MATRICULA","Instituciones Educativas"
"00021852","EUCARISTICO DE SANTA TERESA CARTAGENA PENSION","Instituciones Educativas"
"00021126","EURO INTERNACIONAL","Otros Servicios"
"00011172","FACILCREDITOS","Otras Obligaciones financieras"
"00001200","FacilPago TC","Otros Servicios"
"00000163","FAGAS","Cooperativas"
"00011917","FC UIS Recargas Cafeterias","Instituciones Educativas"
"00016113","FEDERACION NACIONAL DE PERSONEROS CLL 26 NO5 44","Otros Servicios"
"00020198","Fegoccidente","Fondo De Empleados"
"00009337","FEMPHA FONDO DE EMPLEADOS","Fondo De Empleados"
"00001430","FENALCO RECIBOS DE PAGO","Otros Servicios"
"00001429","FENALCO TARJETA DE CREDITO","Otras Obligaciones financieras"
"00020491","FEPYM FONDO EMPLEADOS PLANTA Y MINAS CLL 10 12 34","Fondo De Empleados"
"00025107","ferre industrial de tornillos sas","Otros Servicios"
"00023304","FERROELECTRICOS MEDELLIN","Otras Obligaciones financieras"
"00009675","Fiduocci convenio9675 Uni Cartagena","Instituciones Educativas"
"00030016","FINANCIAFONDOS OC","Cooperativas"
"00008032","FINANCREDITOS SAS","Otras Obligaciones financieras"
"00004022","FINCOMERCIO EXTRACTO DE PAGO","Otras Obligaciones financieras"
"00017245","FODUN UNIVERSIDAD NACIONAL CAMPUS LA NUBIA","Otros Servicios"
"00008196","FOMENTO IPS SAS","Salud y medicina"
"00001336","FONAVIEMCALI","Otros Servicios"
"00012140","FONDO CAJA ACOTV","Fondo De Empleados"
"00007577","FONDO DE BENEFICIO COMUN DE LO","Fondo De Empleados"
"00020979","FONDO DE CESANTIAS PROTECCION CALLE 49 N 63 100","Otros Servicios"
"00014265","FONDO DE EMPLEADOS AW FABER CASTELL CLL 17 A 68 70","Fondo De Empleados"
"00007163","FONDO DE EMPLEADOS BANCO OCCIDENTE","Fondo De Empleados"
"00027263","FONDO DE EMPLEADOS DE AHORROS V","Fondo De Empleados"
"00029948","FONDO DE EMPLEADOS DE LA ELECT","Conjuntos residenciales"
"00020903","FONDO DE EMPLEADOS DE ROLDAN LOGISTICA CR 100 25B","Fondo De Empleados"
"00000175","FONDO DE EMPLEADOS DEL CERREJON","Fondo De Empleados"
"00004183","FONDO DE EMPLEADOS FEPAL","Fondo De Empleados"
"00010478","FONDO DE EMPLEADOS FESSER CARRERA 18 NO 84 35","Fondo De Empleados"
"00011673","FONDO DE EMPLEADOS FONALIANZA","Fondo De Empleados"
"00016103","FONDO DE EMPLEADOS GREMIAL AVANCEMO","Fondo De Empleados"
"00021323","FONDO DE EMPLEADOS GRUPO PREVISORA POSITIVA FIDU","Fondo De Empleados"
"00008357","FONDO DE EMPLEADOS HARINERA DEL VAL","Fondo De Empleados"
"00002315","FONDO DE EMPLEADOS POSTOLUX","Fondo De Empleados"
"00008986","FONDO DE EMPLEADOS SENA","Fondo De Empleados"
"00020498","FONDO DE EMPLEADOS SOLIDARIDAD FONESPAT","Fondo De Empleados"
"00020499","FONDO DE EMPLEADOS TECNOPLAST CRA 5 NO 40 07","Fondo De Empleados"
"00025845","FONDO DE EMPLEADOS TECNOQUIMICAS","Fondo De Empleados"
"00015365","FONDO DE EMPLEADOS Y PENSIONADOS DE","Otras Obligaciones financieras"
"00003522","FONDO ELITE","Fondo De Empleados"
"00027463","FONDO EMP UNIVERSIDAD ICESI CALI","Fondo De Empleados"
"00027211","FONDO EMPLEA CTI SEC BOY Y CAS","Fondo De Empleados"
"00000167","FONDO EMPLEADO PROF UNIV NALC FAPUN","Fondo De Empleados"
"00002103","FONDO EMPLEADOS DEL ICA Y AGROSAVIA","Fondo De Empleados"
"00027192","FONDO EMPLEADOS LABORATORIOS BAXTER","Fondo De Empleados"
"00025237","FONDO EMPLEADOS MPIO MOSQUERA","Fondo De Empleados"
"00022442","FONDO EMPLEADOS TADEISTAS","Fondo De Empleados"
"00005534","FONDO EMPLEADOS UNIANDES","Fondo De Empleados"
"00001380","FONDO EMPLEADOS UNIQUINDIO","Fondo De Empleados"
"00001551","FONDO ESPECIAL DE VIVIENDA","Otras Obligaciones financieras"
"00024448","FONDO MIXTO GUAJIRA","Otras Obligaciones financieras"
"00012182","Fondo Mutuo de Inversion","Fondo De Empleados"
"00011025","FONDO SIEMENS","Fondo De Empleados"
"00013262","FONDOFER","Fondo De Empleados"
"00007108","FONDOPELD","Fondo De Empleados"
"00009704","FONDOS COMUNES","Impuestos"
"00025746","Fondos Comunes Mun Cuaspud","Otros Servicios"
"00023053","FONDOS EMPLEADOS FOET","Fondo De Empleados"
"00021527","FONDOS ESPECIALES CENOP","Instituciones Educativas"
"00009055","FONDOS ICETEX","Otras Obligaciones financieras"
"00005686","Fondos y Activos SAS","Otras Obligaciones financieras"
"00007216","FONDOUNION","Otras Obligaciones financieras"
"00007257","FONSALUD","Otros Servicios"
"00019917","FONSALUD CALLE 4 B NRO 36 00","Otros Servicios"
"00013464","FORPRESALUD IPS SAS","Salud y medicina"
"00018617","FORVIDA INTERNATIONAL SAS","Otros Servicios"
"00001511","FOTOGRAFICA DE OCCIDENTE","Otros Servicios"
"00021787","FUND TOMAS RUEDA VARGAS BECARIOS","Fundaciones"
"00009642","FUND VIDA NUEVA PARA LA CULT","Conjuntos residenciales"
"00010675","FUNDACION CAUDAL DE VIDA CRA 33 47 A 59","Fundaciones"
"00020814","FUNDACION CENTRO COLOMBIANO DE LENGUAS MODERNAS","Fundaciones"
"00003725","Fundacion Colegio UIS Pensiones","Instituciones Educativas"
"00015827","FUNDACION COLOMBIA APRENDE AV CLL 72 NO 70 G 08","Fundaciones"
"00009848","FUNDACION COUNTRY CLUB DE BOGOTA","Fundaciones"
"00007082","FUNDACION DE SERVICIO SOCIAL CARLOS CRA 11 61 19","Fundaciones"
"00012740","FUNDACION EL AMPARO IPS","Otros Servicios"
"00007447","FUNDACION HEROES DE COLOMBIA","Fundaciones"
"00025771","FUNDACION JESUS AMOR Y VIDA","Otros Servicios"
"00010918","FUNDACION MSI COLOMBIA OTI","Fundaciones"
"00017206","FUNDACION MULTICREDITO","Otros Servicios"
"00022932","FUNDACION NUEVA VIDA PARA TODOS","Otras Obligaciones financieras"
"00002533","FUNDACION SALUD Y VIDA","Conjuntos residenciales"
"00029481","FUNDACION SOCIAL VIDA","Otros Servicios"
"00012817","FUNDACION UNIVERSITARIA COMPENSAR","Otras Obligaciones financieras"
"00029005","FUNDACION VIDA SIN FRONTERAS","Fundaciones"
"00004585","FUNDAMOR BONOS POR LA VIDA","Fundaciones"
"00002347","FUNDAMOR PLAN PADRINO FONDO COMUN","Fundaciones"
"00026177","FUNDASALUD COLOMBIA","Otros Servicios"
"00029611","FUNDESALUD","Fundaciones"
"00020508","FUNEC FUNDACION UNIVERSITARIA DEL EJE CAFETERO","Instituciones Educativas"
"00027503","FUNERALES DEL CAFE ASISTENCIA EXEQU","Servicios Exequiales"
"00003555","FUNERALES INTEGRALES SAS FUNINTEGRA","Servicios Exequiales"
"00001370","FUNERALES LA VERDE ESPERANZA","Servicios Exequiales"
"00003468","FUNERALES LA VERDE ESPERANZA CARRERA 3 NO 44 43","Servicios Exequiales"
"00002165","FUNERARIA SAN GABRIEL SA CR 52 50 33 ITAGUI","Servicios Exequiales"
"00005343","FUNERARIA SAN VICENTE","Servicios Exequiales"
"00021726","FUNERARIA SAN VICENTE CRA 51D NO 6120 FREN A IGLE","Otros Servicios"
"00004089","FUNERARIA SENDEROS DE PAZ CARTAGO CLL 12 2 19","Otros Servicios"
"00014636","FUNERARIA SENDEROS SAS","Servicios Exequiales"
"00005457","GALERIA POPULAR","Servicios Inmobiliarios"
"00005408","GAS CENTER GNV","Otros Servicios"
"00006443","GAS DE SANTANDER","Otros Servicios"
"00003007","GAS NEIVA GARZON","Otros Servicios"
"00002955","GAS NEIVA LA PLATA","Otros Servicios"
"00003498","GASCO","Otros Servicios"
"00000217","GASCOL CENTRO","Otros Servicios"
"00000261","GASCOL SUR","Otros Servicios"
"00006048","Gaseosas Colombianas","Otros Servicios"
"00027723","GASEOSAS COLOMBIANAS CENTRO","Otros Servicios"
"00027722","GASEOSAS COLOMBIANAS SUR","Otros Servicios"
"00003081","GASEOSAS GLACIAL","Otros Servicios"
"00000316","GASEOSAS LUX","Otros Servicios"
"00014644","GASEOSAS LUX PIEDECUESTA","Otros Servicios"
"00026451","GELI GRUPO EMPRESARIAL","Conjuntos residenciales"
"00006291","GENERAL COMPOUNDING SAS","Salud y medicina"
"00022934","GENERAL EQUIPOS DE COLOMBIA GECOLSA","Otros Servicios"
"00028914","GENERAL VEHICULOS","Otros Servicios"
"00003554","GENESIS SALUD IPS","Salud y medicina"
"00023660","GERONA DEL PORVENIR 1 EXTRAORD","Conjuntos residenciales"
"00022331","GERONTO SALUD","Otros Servicios"
"00009482","GESTIONAMOS SEGUROS SAS","Conjuntos residenciales"
"00020906","GIMNASIO MAYOR DE OCCIDENTE CL 67B BIS A NO 11123","Otros Servicios"
"00015828","GIMNASIO NUEVO SUBA CRA 91 147 33","Conjuntos residenciales"
"00023638","GLOBAL SAFE SALUD SAS","Otros Servicios"
"00023994","GLOBAL WINE Y SPIRITS SAS","Otros Servicios"
"00025303","GOBERNACION DEL CHOCO GASOLINA","Otras Obligaciones financieras"
"00016827","GRANCOLOMBIANA DE FIANZAS S A","Empresas De Seguros"
"00025603","GRUNE WELT CIA LTDA","Otros Servicios"
"00013971","GRUPO ALIANZA EMPRESARIAL","Empresas De Seguros"
"00012829","GRUPO EMPRESARIAL MISAI SAS CALLE 54 SUR 80 J 06","Conjuntos residenciales"
"00018878","GRUPO EMPRESARIAL THE PRIME SAS","Empresas De Seguros"
"00004199","GRUPO REYES COLOMBIA SAS CRA 36 NO 5 B 60 OF 4","Conjuntos residenciales"
"00012335","HALCON DISTRIBUCIONES Y SERVICIOS","Otros Servicios"
"00019554","HAYUELOS CENTRO COMERCIAL Y EMPRESARIAL","Centros Comerciales"
"00003922","HDI SEG COLOMBIA","Empresas De Seguros"
"00000665","HDI Seguros Colombia SA","Empresas De Seguros"
"00000666","HDI Seguros Vida Colombia SA","Empresas De Seguros"
"00011451","HELIOS ENERGIA SA ESP","Otros Servicios"
"00004236","HIERROS DE OCCIDENTE","Otros Servicios"
"00027175","HIERROS DE OCCIDENTE FERRETERIA","Otros Servicios"
"00007370","HUMAR INVERSIONES AGOINDUSTRIALES","Otros Servicios"
"00026173","HY LINE FONDO DE EMPLEADOS","Fondo De Empleados"
"00005089","HYL SERVICIOS SAS","Conjuntos residenciales"
"00013277","HyS hardware y servicios","Otros Servicios"
"00011413","ICCC BARRANQUILLA","Otros Servicios"
"00011434","ICCC BUCARAMANGA","Otros Servicios"
"00011410","ICCC CARTAGENA","Otros Servicios"
"00011411","ICCC MEDELLIN","Otros Servicios"
"00023373","ICCC PAGOS ONAL","Otros Servicios"
"00027452","ICM MULTINACIONAL SAS","Conjuntos residenciales"
"00011696","ICOPORES DE OCCIDENTE","Otros Servicios"
"00025442","IDC SERVICIOS INTEGRALES Y SOLUCION","Otros Servicios"
"00020914","IDPHU CAMPESTRE BILINGUE KM 11 VIA PTO COLOMBIA","Instituciones Educativas"
"00011837","IECENDESALUD CRA 15 NO 541","Instituciones Educativas"
"00025013","IFC CREDITOS VARIOS","Otros Servicios"
"00011374","IGLESIA C PRESBI CASA DE VIDA","Otros Servicios"
"00011795","IGLESIA PANAMERICANA DE OCCIDENTE CRA 7 NO 36 24","Fundaciones"
"00028396","IGLESIA SEPTIMO DIA Nueva Vida","Otros Servicios"
"00016857","IKONOS CENTRO EMPRESARIAL POPAYAN","Conjuntos residenciales"
"00026051","IMCOMERSALUD","Otros Servicios"
"00011371","IMPACTAR BARRANQUILLA","Otros Servicios"
"00022364","IMPERIO SERVICIOS SAS","Otras Obligaciones financieras"
"00014896","IMPORTADORA NACIONAL DE LLANTAS","Otros Servicios"
"00001244","IMPUESTO PREDIAL BUCARAMANGA","Impuestos"
"00000165","IMPUESTO PREDIAL CALI PAGO MIN","Impuestos"
"00000063","IMPUESTO PREDIAL MPIO MEDELLIN","Impuestos"
"00003766","IMPULSORES INTERNACIONALES SAS","Otros Servicios"
"00006582","INCOCREDITO","Otras Obligaciones financieras"
"00003502","INDUSTRIA NACIONAL DE ACRILICOS","Otros Servicios"
"00027002","INDUSTRIAL DE PINTURAS DE COLOMBIA","Otros Servicios"
"00025425","INMOBILIARIA DEL OCCIDENTE SAS","Conjuntos residenciales"
"00006144","INMOJURIDICO DE COLOMBIA SAS","Conjuntos residenciales"
"00022358","INSEGSALUD","Salud y medicina"
"00010946","INST DE INTEGRACION CULTU PENSION MATRI TRANS","Instituciones Educativas"
"00024252","INST DE INTEGRACION CULTURAL PENSION MATRICULA T","Otros Servicios"
"00004354","INST EDUCATIVA TECNICA DE OCCIDENTE","Instituciones Educativas"
"00006569","INST TECNICO COLOMBIANO INTEC CARTAGO CRA 6 16 98","Instituciones Educativas"
"00023757","INSTITUCION EDUCATIVA COMUNEROS","Otros Servicios"
"00021708","INSTITUTO DE EDUCACION CRUZ ROJA COLOMBIANA SECC","Instituciones Educativas"
"00014107","INTERNACIONAL BUSINESS SAS AV 3 A NORTE NO 45A 30","Cooperativas"
"00013054","INTERNACIONAL DE ACABADOS SAS","Otros Servicios"
"00000313","INTERNACIONAL DE VEHICULOS LTDA","Otros Servicios"
"00006970","INTERNACIONAL DE ZAPATOS SAS","Otros Servicios"
"00016657","INVERPAGOS S A S CALLE 141 NO 7B 78 OFICINA 508","Otros Servicios"
"00011559","INVERSIONES DAMA SALUD SAS","Salud y medicina"
"00008364","INVERSIONES VIDAPET SAS CLL 103 NO 14 76","Otros Servicios"
"00012512","IPC LUZ DE VIDA DIG 28 C 42 A 40","Otros Servicios"
"00020567","IPS ASSOT SAS AV 0 NO 16 68 B CAOBOS","Otros Servicios"
"00021100","IPS AUTOPARTES SAS","Otros Servicios"
"00024015","IPS CENTRO DE REHABILITACION OPA SA","Salud y medicina"
"00020568","IPS HUMSALUD CRA 104 16B 40","Otros Servicios"
"00020569","IPS OCUPSALUD SST PASTO CARRERA 38 NO 2037 B","Otros Servicios"
"00010519","IPS PGI PROFES EN GESTION INTEGRADA SAS CR 8 12 51","Salud y medicina"
"00013876","IPS SAN SEBASTIAN LTDA","Salud y medicina"
"00003482","ISA AVALUOS","Servicios Inmobiliarios"
"00022042","ITM Otros Servicios","Instituciones Educativas"
"00023662","J Y G GRUPO INDUSTRIAL SAS","Otros Servicios"
"00023484","JARDIN CENTRAL 2","Centros Comerciales"
"00020160","JARDIN INFANTIL LA RONDA CRA 31 50 68 BUCARAMANGA","Instituciones Educativas"
"00020161","JARDIN INFANTIL MI NUEVO MUNDO CR 34 C 35 A 51 SUR","Instituciones Educativas"
"00003046","JARETH SALUD","Fundaciones"
"00026938","JOSE DE ALBAN SALUD","Otras Obligaciones financieras"
"00003395","JURISCOOP Creditos","Otras Obligaciones financieras"
"00022439","JUSTO PAGO REMODELACIONES","Otros Servicios"
"00009906","JUVENTUS CREDITO2","Otras Obligaciones financieras"
"00026612","KALAMARI ZONA CENTRAL","Conjuntos residenciales"
"00024071","keypago","Otros Servicios"
"00012398","KITS DE ACTIVIDADES LA MORADA","Otros Servicios"
"00025837","La Equidad Seguros de Vida","Cooperativas"
"00025842","La Equidad Seguros Generales","Cooperativas"
"00020253","LA GRATITUD II URB LAS VEGAS SOACHA CL 17 N 19B 23","Conjuntos residenciales"
"00024998","LA LUZ DEL MUNDO NACIONAL","Conjuntos residenciales"
"00024488","LA NACIONAL DE LICORES","Otros Servicios"
"00001096","LA PAZ TERMINAL LOGISTICO Y EMPRESA","Conjuntos residenciales"
"00009528","LA TOSCANA PH CRA 72 NO 80 A 43 MEDELLIN","Conjuntos residenciales"
"00011300","LABORA VITAL IPS","Salud y medicina"
"00015582","LABORAL CARE IPS SAS","Salud y medicina"
"00010572","LABORATORIOS LTDA CARTAGENA","Otros Servicios"
"00006628","LAS CEIBAS CRA 112G 86B 60 BOGOTA","Conjuntos residenciales"
"00003793","LATINO INTERNACIONAL","Otros Servicios"
"00007653","LC THOMAS DE IRIARTE BOGOTA","Instituciones Educativas"
"00013662","LIBRANZA BANCO POPULAR","Obligaciones Aval"
"00030164","Libranzas Convenios Banco de Occide","Obligaciones Aval"
"00011783","LICEO DE COLOMBIA BILINGUE","Instituciones Educativas"
"00008428","LICEO NUEVO CHILE AV CRA 68 NO 15 15 SUR P3","Instituciones Educativas"
"00000208","LIGA CONTRA EL CANCER BOGOTA","Fundaciones"
"00026104","LIGA DE BEISBOL DE BOGOTA DISTRITO","Instituciones Educativas"
"00001851","Listo pago a plazos","Otras Obligaciones financieras"
"00025434","Listo pago a plazos PA Listo","Otras Obligaciones financieras"
"00024313","LOCAL PAGO EMI","Otros Servicios"
"00012788","LOGISTICA FERRETERA BARRANQUILLA","Otros Servicios"
"00014420","LOS COMUNERO","Salud y medicina"
"00007879","LOS CONDOMINIOS 1 EL PORVENIR CLL 52 SUR N 93 D 26","Conjuntos residenciales"
"00004980","LUBRIFIL DE OCCIDENTE SAS","Otros Servicios"
"00019666","MAGENTA SEGUROS LTDA","Empresas De Seguros"
"00027482","Mall Comercial y Empresarial E","Centros Comerciales"
"00004179","MANZ 10 URBANIZACION NATURA PARQ CENTRAL CUCUTA","Conjuntos residenciales"
"00005392","MANZANA 11 URB NATURA PARQUE CENTRAL CUCUTA","Conjuntos residenciales"
"00002206","MAPFRE SEGUROS GENERALES","Empresas De Seguros"
"00002185","MAPFRE VIDA SEGUROS","Empresas De Seguros"
"00017057","MARSELLA REAL BUCARAMANGA","Conjuntos residenciales"
"00002566","Martha Liliana Nunez Lopez","Otros Servicios"
"00013068","MARWIND SAS","Otros Servicios"
"00025517","MAYAGUEZ BARRANQUILLA","Otros Servicios"
"00005031","MAZCO SEGUROS","Empresas De Seguros"
"00026081","MEDICAL LAB IPS SAS","Salud y medicina"
"00026105","MEDILIFE IBAGUE IPS SAS","Salud y medicina"
"00026082","MEDILIFE IPS SAS","Salud y medicina"
"00026080","MEDILIFE NEIVA IPS SAS NIT 90125276","Salud y medicina"
"00007099","MEDISANITAS","Salud y medicina"
"00014614","Medisanitas Vales en Efectivo","Salud y medicina"
"00010066","MEDSALUD","Salud y medicina"
"00014442","MEGAPAGOS","Otros Servicios"
"00012853","MERCADO Y PAGOS OCCIDENTE","Otros Servicios"
"00011444","MERCADOS Y PAGOS","Otros Servicios"
"00011035","MES DE OCCIDENTE","Otros Servicios"
"00007056","Mi Pago Recaudo","Otros Servicios"
"00004220","MI TERMINAL CALI","Centros Comerciales"
"00010006","MICMEDELLIN","Otros Servicios"
"00029890","MICREDITOYA","Otros Servicios"
"00021699","MIGUEL GOMEZ Y COMPANIA CLL 12 NO 52 A 86 MEDELLIN","Otros Servicios"
"00013401","MIR DE COLOMBCREDITO Y APORTES CLL 25 G No 73 A 07","Cooperativas"
"00023079","MIRADOR DE LA SIERRA BARRANQUILLA","Conjuntos residenciales"
"00027205","MIRADOR DEL QUINDIO AREAS COMUNES","Conjuntos residenciales"
"00004332","MJ GRUPO INMOBILIARIO BUCARAMANGA","Servicios Inmobiliarios"
"00026164","MOLAR ADMINISTRACIONES S A S","Conjuntos residenciales"
"00001365","MONTAGAS","Impuestos"
"00024790","MOTO FACIL DE OCCIDENTE SAS","Otros Servicios"
"00014325","MOTOCREDITO DE COLOMBIA","Otros Servicios"
"00020932","MOTOS DEL OCCIDENTE CLL 21 NO 12 58","Otros Servicios"
"00000017","MOVISTAR SERVICIO MOVIL Y FIJO","Telefonía Celular"
"00004461","Mpio Yaguara Bam 20 Pension","Otras Obligaciones financieras"
"00002018","MTP CAJAS AUTOMATICAS SAS","Otros Servicios"
"00026754","MULI ENERGIA","Conjuntos residenciales"
"00001325","MUN TURBO ACUERDOS DE PAGO","Impuestos"
"00007515","MUNCIPIO DE PASTO TESORERIA GENERAL","Impuestos"
"00021703","MUNDO YAMAHA SA CRA 73 NO 44 10 MEDELLIN","Otros Servicios"
"00009792","MUNICIPIO DE BELEN FONDOS COMUNES","Impuestos"
"00016769","NACIONAL DE SUMINISTROS VIDA VERDE","Otros Servicios"
"00009652","NOTARIA 5 MEDELLIN","Otros Servicios"
"00021039","NOU CENTRO EMPRESARIAL PH","Conjuntos residenciales"
"00001919","NUEVO CALI","Fundaciones"
"00006304","NUEVO CONQUISTADORES BOREAL CRA 65F N 31 40","Conjuntos residenciales"
"00020595","NUEVO GIMNASIO LA CUSPIDE LTDA KM 7 VIA SUBA COTA","Instituciones Educativas"
"00026642","NUEVO MERCADO DE SINCELEJO PH","Conjuntos residenciales"
"00001494","NUEVO RECREO ETAPA 1 CLL 73 SUR NO 92 85","Conjuntos residenciales"
"00009084","NUEVO RECREO ETAPA3 CALLE 74 A SUR N 92 71","Conjuntos residenciales"
"00016739","NUTRIUM AMS CARTAGENA","Otros Servicios"
"00006471","NUTRIUM BARRANQUILLA SA","Otros Servicios"
"00009741","NUTRIUM CARTAGENA","Otros Servicios"
"00027130","OFICINA REGIONAL ADMINISTRACION","Otros Servicios"
"00026087","OIKOS STORAGE BARRANQUILLA","Servicios Inmobiliarios"
"00006130","OPERACIONES GENERALES SURAMERICANA","Otras Obligaciones financieras"
"00014428","Optisalud","Otros Servicios"
"00002404","ORGANIZACION TALUMM PAGOPASS CO CL 26 N NO 5 AN 50","Otras Obligaciones financieras"
"00010534","OROSEGUROS AV ROJAS NO 49 43","Empresas De Seguros"
"00018105","PA FIDUBANCOL OCCIDENTE","Otras Obligaciones financieras"
"00025085","PAGO ADMON CABRERA 86","Conjuntos residenciales"
"00014507","PAGO ADMON FLORES CAMPESTR","Otros Servicios"
"00002155","PAGO DE COMISION DE FIDEICOMISOS","Otros Servicios"
"00022413","PAGO INTERVENTORIA SETTY YOPAL","Otros Servicios"
"00000032","PAGO TC BANCO POPULAR PAGO MINIMO","Obligaciones Aval"
"00005071","PAGOAGIL 1","Otros Servicios"
"00008973","PAGOMA","Otros Servicios"
"00029419","PAGOS CREDITOS COMFIAR","Otros Servicios"
"00026981","Pagos Edificio el Penon In Express","Conjuntos residenciales"
"00017529","PAGOS FINTEGRA","Otros Servicios"
"00020304","PAGOS INVERSIONES MURILLO COBOS CLL 147 NO 13 67","Otros Servicios"
"00028054","PAGOS PROYECTOS","Otros Servicios"
"00028814","PAGOS SAS","Otros Servicios"
"00028928","PAGOS SAS 1","Otros Servicios"
"00004360","PAGUESTADO SEG VIDA DEL ESTADO S A","Empresas De Seguros"
"00004361","PAGUESTADO SEGUROS DEL ESTADO SA","Empresas De Seguros"
"00005825","PALABRA Y VIDA","Otras Obligaciones financieras"
"00016556","PARC CANTA CLARO CALI VIA REFORMA SECTOR LA FONDA","Conjuntos residenciales"
"00016669","PARCELA COLINAS DE MIRAVALLE ET 1 K5 VIA CHIPAYA","Servicios De Seguridad"
"00002154","PARCELA COLINAS DE MIRAVALLE ET 3 KM 5 VIA CHIPAYA","Conjuntos residenciales"
"00025996","PARCELA RESERVA RIO CLARO ACUEDUCTO","Conjuntos residenciales"
"00020599","PARCELACION INDUSTRIAL Y COMERCIAL PALMASECA KM 2","Conjuntos residenciales"
"00020831","PARCELACION MIRALIA KM 9 DAPA SECTOR MIRAVALLE","Conjuntos residenciales"
"00008592","PARCELACION RESERVA DE RIO CLARO KM3 POTRERITO JAM","Conjuntos residenciales"
"00013882","PARQ CENTRAL APARTAMENTOS IBAGUE CRA 2 SUR N 22 89","Conjuntos residenciales"
"00012143","PARQ INDUST SNICOLAS AV TRONCAL OCCIDENTE 12 75 03","Conjuntos residenciales"
"00008547","PARQ INDUSTRIAL SANTO DOMINGO AV TRONCAL PANAMERIC","Conjuntos residenciales"
"00009346","PARQUE AGROINDUSTRIAL DE LA SABANA PH MOSQ KM 18","Conjuntos residenciales"
"00015546","PARQUE CENTRAL DE OCCIDENTE 3 PH","Conjuntos residenciales"
"00005522","PARQUE COMERC Y RES NUEVO NARANJAL","Conjuntos residenciales"
"00016256","PARQUE COMERCIAL RIO CAUCA CALLE 75B NO 20 170","Centros Comerciales"
"00022259","PARQUE COMERCIAL Y RESID NUEVO NARANJAL PH ET 1A","Conjuntos residenciales"
"00020832","PARQUE EMPRESARIAL SAN ISIDRO PH AUT MEDELLIN KM68","Conjuntos residenciales"
"00022563","PARQUE INDUSTRIAL CINCUENTENARIO","Conjuntos residenciales"
"00021783","PARQUE INDUSTRIAL DE POPAYAN","Conjuntos residenciales"
"00024308","PARQUE INDUSTRIAL EL CACIQUE","Conjuntos residenciales"
"00017277","PARQUE INDUSTRIAL EL RINCON PH AUTOP MED KM 6 5","Conjuntos residenciales"
"00025007","PARQUE INDUSTRIAL EL TREBOL PH","Conjuntos residenciales"
"00022070","PARQUE INDUSTRIAL GUADALARAJA PH","Servicios Inmobiliarios"
"00024105","PARQUE INDUSTRIAL LA FLORIDA PH","Conjuntos residenciales"
"00016014","PARQUE INDUSTRIAL LA NUBIA CAVASA CALI CANDELARIA","Otros Servicios"
"00020603","PARQUE INDUSTRIAL SAN JORGE CLL 2 NO 18 93","Otros Servicios"
"00020833","PARQUE INDUSTRIAL Y COMERCIAL ACEROSA CL15 31 99","Conjuntos residenciales"
"00012250","PARQUE INDUSTRIAL ZIMURA CRA20 34 47 OF202 GUALAND","Conjuntos residenciales"
"00000498","PARQUE NUEVO SUBA ETAPA 1 CRA 101 A NO 152 A 95","Conjuntos residenciales"
"00023654","Parque Nuevo Suba Etapa 1 Extraordi","Conjuntos residenciales"
"00010212","PARQUE RESIDENCIAL NUEVO RECREO2 CL74A Sur 92 21","Conjuntos residenciales"
"00021696","PARQUES DE NORMANDIA CL63 73A 31 BOGOTA","Conjuntos residenciales"
"00025495","PASAJE COMERCIAL SAN JOSE PROP","Centros Comerciales"
"00021101","Pasarela de pagos Madre Selva","Otros Servicios"
"00007714","PASEO REAL CENTRO EMPRESARIAL","Centros Comerciales"
"00028830","PAYCASH DEPOSITOS Y PAGOS ELECT","Otros Servicios"
"00000991","PENSION COLEGIO CLARETIANO DE BOSA CALLE 60","Instituciones Educativas"
"00021902","PENSIONES COLEGIO CLARETIANO EL LIBERTADOR","Instituciones Educativas"
"00000563","PensionesCEVG","Instituciones Educativas"
"00020318","PINEDA Y ASOCIADOS ADMINISTRACIONES CL 2A NO 42 26","Conjuntos residenciales"
"00024377","PINTURAS INDUSTRIALES LA 15 SAS","Otros Servicios"
"00000363","PINTURAS INDUSTRIALES LTDA","Otros Servicios"
"00007164","PLAN PREMIUM EPS SANITAS","Salud y medicina"
"00019190","PLAZUELA DE LAS VILLAS","Centros Comerciales"
"00021700","PLENITUD EMPRESAS CRA 45 D NO 57 64 MEDELLIN","Otros Servicios"
"00024249","PLENITUD PROTECCION BD","Otros Servicios"
"00004732","PLENITUD PROTECCION MEDELLIN","Servicios Exequiales"
"00014903","PLENITUD PROTECCION OTROS RECAUDO","Servicios Exequiales"
"00012366","POLITECNICO INTERNACIONAL 2","Instituciones Educativas"
"00006324","POLITECNICO VIDA NUEVA","Instituciones Educativas"
"00012744","PORTAL DE PAGOS FUNDEAM GRUPO AVAL","Otros Servicios"
"00001770","PORTAL DE VILLA CAROLINA BARRANQUILLA CR 71 94 124","Conjuntos residenciales"
"00001964","PORVENIR RESERVADO 1 CLL 52 SUR NO 99 72","Conjuntos residenciales"
"00007851","PORVENIR RESERVADO 10 CALLE 54 C SUR N 95A 18","Conjuntos residenciales"
"00009086","PORVENIR RESERVADO 11 CALLE 56 F SUR N 94 A 20","Conjuntos residenciales"
"00009122","PORVENIR RESERVADO 6 CALLE 49 SUR N 93 D 39","Conjuntos residenciales"
"00002876","PORVENIR RESERVADO 7 CLL 50SUR NO 93D 38","Conjuntos residenciales"
"00002821","POSTOBON CARTAGENA","Otros Servicios"
"00029288","PREDIAL PUERTO COLOMBIA","Impuestos"
"00028933","PREVENIR PREVISION FUNERARIA SAS","Conjuntos residenciales"
"00023661","PRODUCTOS DE PROTECCION Y SEGURIDAD","Otros Servicios"
"00016071","PROGRESO EMPRESARIALCA SAS","Cooperativas"
"00011008","PROMOTORA DE SEGUROS","Empresas De Seguros"
"00009817","PRONTO Y SEGUROS","Empresas De Seguros"
"00027094","Propiedades Medellin SAS","Servicios Inmobiliarios"
"00029619","PROTECCION GLOBAL SAS","Otros Servicios"
"00022487","PROVINCIA DE NUESTRA SEÑORA DE GRACIA DE COLOMBIA","Instituciones Educativas"
"00008777","PROWINCH COLOMBIA","Otros Servicios"
"00006265","PROYECTAMOS TEMPORALES MEDELLIN 2 CRA 7 N 19 28","Otros Servicios"
"00006244","PTI BOGOTA","Instituciones Educativas"
"00012461","PUERTO COLOMBIA IMP PREDIAL","Impuestos"
"00012460","PUERTO COLOMBIA IND Y COMERCIO","Impuestos"
"00000876","PUERTO NUEVO PARQUE RESID MOSQ CRA 10 12 32","Conjuntos residenciales"
"00003871","PURA VIDA FUNDACION","Fundaciones"
"00021156","PURA VIDA SENIOR LIVING","Otros Servicios"
"00004138","QBE SEGUROS","Empresas De Seguros"
"00024384","QUALITAS SERVICIOS SAS","Empresas De Seguros"
"00023167","QUETZAL SERVICIOS DE SALUD Y BIENES","Otros Servicios"
"00002423","RACKETBALL SA","Otros Servicios"
"00011980","RAFAEL NUNEZ","Instituciones Educativas"
"00000647","RAUL ALVARO VANEGAS PAEZ","Instituciones Educativas"
"00029681","RCP INGENIERIA INDUSTRIAL SAS","Otros Servicios"
"00004918","Rec Predial Cartagena","Impuestos"
"00021755","RECAUDO DARROW CL36 N 48 14 MEDELLIN","Otros Servicios"
"00025206","Recaudo Efectivo Occidente","Otras Obligaciones financieras"
"00029776","RECAUDO ENERGIA","Otros Servicios"
"00025775","RECAUDO GRUPO VIDA","Otros Servicios"
"00030160","RECAUDOS CM OCCIDENTE","Otros Servicios"
"00021966","RECONOCER IPS SAS","Salud y medicina"
"00013538","RED SALUD CASANARE","Otros Servicios"
"00026515","RESD MUTIF VIS IGUAZU CARTAGENA","Conjuntos residenciales"
"00020631","RESTAURANTE PARRILLA SALUDABLE","Otros Servicios"
"00024021","Restrepo Fondos Comunes","Otros Servicios"
"00011965","RETEICA MUNICIPIO DE BUCARAMANGA","Impuestos"
"00017593","RINVAL BUCARAMANGA","Otros Servicios"
"00025196","ROSALINDA PARQUE EMPRE Y CCIAL COTA","Centros Comerciales"
"00021180","Salud Masin SAS","Otros Servicios"
"00008633","SALUD OCUPACIONAL DE LOS ANDES CR 24 82 51","Otros Servicios"
"00020363","SALUDLINEAVITALIPSSAS CALLE 123 NO 7 60","Otros Servicios"
"00007336","SAN PEDRO PLAZA CENTRO COMERCIAL CL 187 NO 55 A 40","Centros Comerciales"
"00017361","SAN SEBASTIAN APARTAMENTOS MEDELLIN","Conjuntos residenciales"
"00023860","SANANDRESITO LA ISLA CENTRO COMERCI","Centros Comerciales"
"00020365","SANTA MARIA PH CR 81 NO 46 07 MEDELLIN","Conjuntos residenciales"
"00024966","SBS SEGUROS COLOMBIA","Fondo De Empleados"
"00010840","SEGURIDAD COMUNERA LIMITADA","Servicios De Seguridad"
"00020371","SEGURIDAD SURAMERICA CARRERA 24 NO 61F 35","Otros Servicios"
"00008735","Seguros Alfa","Empresas De Seguros"
"00005483","SEGUROS BARBOSA DE COLOMBIA","Empresas De Seguros"
"00003852","SEGUROS BETA","Empresas De Seguros"
"00004382","SEGUROS COMERCIALES","Empresas De Seguros"
"00005369","SEGUROS CONFIANZA","Empresas De Seguros"
"00008748","Seguros de Vida Alfa","Empresas De Seguros"
"00027246","SEGUROS DE VIDA DEL ESTADO S A","Empresas De Seguros"
"00004123","SEGUROS DEL ESTADO SA","Empresas De Seguros"
"00027275","SEGUROS DEL ESTADO SEG","Empresas De Seguros"
"00006481","SEGUROS DIGITALES","Empresas De Seguros"
"00008454","SEGUROS MUNDIAL","Empresas De Seguros"
"00021702","SEISO SAS CRA 69 NO 32 C 24 MEDELLIN","Otros Servicios"
"00030101","semestre carreras industriales ecci","Instituciones Educativas"
"00026675","Send Porvenir 4 Sector 2 Ext","Conjuntos residenciales"
"00026931","Send Porvenir 4 Sector 4 Ext","Conjuntos residenciales"
"00026933","Send Porvenir 4 Sector 5 Ext","Conjuntos residenciales"
"00009542","SENDEROS DE SURAMERICA PH CLL 31 NO 61 28","Conjuntos residenciales"
"00003826","SENDEROS DEL PORVENIR I CALLE 54F SUR 93C 42","Conjuntos residenciales"
"00009246","SENDEROS DEL PORVENIR II CALLE 54 C SUR N 95 A 11","Conjuntos residenciales"
"00000671","SENDEROS DEL PORVENIR IV SECT 2 CRA 100 N 50B 45","Conjuntos residenciales"
"00000239","SENDEROS DEL PORVENIR IV SECT I CRA100 N50B 45 SUR","Conjuntos residenciales"
"00000683","SENDEROS DEL PORVENIR IV SECT III CRA 100 N 50B 45","Conjuntos residenciales"
"00000510","SENDEROS DEL PORVENIR IV SECTOR IV CRA100 N 50B 45","Conjuntos residenciales"
"00000487","SENDEROS DEL PORVENIR IV SECTOR V CR100N NO 50B 45","Conjuntos residenciales"
"00026725","senderosporvenir123","Conjuntos residenciales"
"00015264","SERDAN BARRANQUILLA","Otros Servicios"
"00000286","SERV FUNERALES INTESA FRANCISCO SAS","Otros Servicios"
"00009073","SERVICIO DE RECAUDO CARRERA 95 A 34 75 SUR","Conjuntos residenciales"
"00001287","SERVICIO DE SALUD INMEDIATO","Otras Obligaciones financieras"
"00028546","Servicios de Matadero Popayan","Impuestos"
"00009491","SERVICIOS DOCENTES DEL VALLE","Cooperativas"
"00019933","SERVICIOS ECOLOGICOS E INDUSTRIALES","Otros Servicios"
"00001994","SERVICIOS ESPECIALIZADOS RYT AV 2 NORTE NO 7 N 55","Otras Obligaciones financieras"
"00005167","SERVICIOS EXPRESS COLOMBIANO SAS CRA 26I NO 72C 64","Conjuntos residenciales"
"00009208","SERVICIOS FUNEBRES SAN PEDRO LTDA","Servicios Exequiales"
"00017284","SERVICIOS INTEGRADOS ADTVOS LTDA KR 74 NO 15 47","Conjuntos residenciales"
"00008028","SERVICIOS LOGISTICOS EMPRESARIALES AV 5A NORTE N23","Conjuntos residenciales"
"00021687","SERVICIOS PERSONALES CENOP","Instituciones Educativas"
"00021178","SERVICIOS PUBLICOS MUNICIPIO CORRAL","Impuestos"
"00029552","SERVICREDITO","Otros Servicios"
"00029420","SERVIRCOL ADMINISTRACIONES SAS","Conjuntos residenciales"
"00010074","SITIONUEVO ICA","Impuestos"
"00010071","SITIONUEVO PREDIAL","Impuestos"
"00023753","SMILE LAB MEDELLIN SAS","Otros Servicios"
"00015914","SOBRETASA GASOLINA ALBANIA","Impuestos"
"00012929","SOLUCIONES EMPRESARIALES Y CRE CL 86 N 4D 98 SUR","Cooperativas"
"00004213","SOLUCIONES SOLIDARIAS COOPERATIVA","Cooperativas"
"00004045","SOLUCIONES VIDA FACIL","Otros Servicios"
"00010514","SOLUCREDITO SAS CLL 24 7 29","Otros Servicios"
"00013974","STANDARD SALUD SAS","Otros Servicios"
"00004887","Storage Barranquilla","Servicios Inmobiliarios"
"00023094","SUMINISTROS INDUSTRIALES Y FERRETER","Otros Servicios"
"00016958","SUN VILLAGE KM 7 VIA RIO CLARO CGTO POTRERITO","Conjuntos residenciales"
"00001288","SUPERSALUD S A","Otras Obligaciones financieras"
"00011237","SUPRECREDITO","Otros Servicios"
"00003425","SURA EPS","Salud y medicina"
"00005489","SURA FINANCIACION","Empresas De Seguros"
"00007701","SURA GENERALES","Empresas De Seguros"
"00007000","SURA VIDA","Empresas De Seguros"
"00002264","SURAMERICA EDUCACION SUPERIOR","Instituciones Educativas"
"00024214","SURAMERICA PARK PH","Conjuntos residenciales"
"00023410","SURAMERICANA DE GUANTES SAS","Otros Servicios"
"00007700","SURAMERICANA DE PARTES","Otros Servicios"
"00027510","TAURO CARTAGENA","Otros Servicios"
"00010816","TAXIS LIBRES AVAL PAY","Servicios De Transporte"
"00029853","Tecnipagos Sa","Otros Servicios"
"00014005","TECNOINDUSTRIAL DEL LLANO SAS","Otros Servicios"
"00016571","TELECOMUNICACIONES REGIONALES DE OCCIDENTE S A S","Otros Servicios"
"00000057","TELEFONO EMCALI SERVICIOS PUBLICOS ","Servicios Públicos"
"00003440","TELEFONO EMCALII","Servicios Públicos"
"00000050","TELEFONO EMP TELECOMUNIC BOGOTA B2C","Servicios Públicos"
"00000007","TELEFONO ETB EMPRESA BOGOTA","Servicios Públicos"
"00000075","TELEFONO ETB LLANOS","Servicios Públicos"
"00008450","TESTIGOS DE JEHOVA","Otros Servicios"
"00000378","TEXTILES INDUSTRIALES SA","Otros Servicios"
"00003902","TIENDA SALUD EXPRESS","Otros Servicios"
"00014043","TIENDAS NOROCCIDENTE SAS","Otros Servicios"
"00002995","TIERRA BUENA DEL PORVENIR ETAPA I","Conjuntos residenciales"
"00000616","TIGO UNE 100","Servicios Públicos"
"00006905","Tigo Une 200","Servicios Públicos"
"00006903","TIGO UNE 300","Servicios Públicos"
"00000299","TIGO UNE 500 CELULAR","Servicios Públicos"
"00008675","TIGO UNE 600","Servicios Públicos"
"00006902","TIGO UNE 700","Servicios Públicos"
"00008758","TIGO UNE 800","Servicios Públicos"
"00005363","TIGO UNE 900","Servicios Públicos"
"00028220","TOLEDO MULTAS ZONAS COMUNES","Conjuntos residenciales"
"00013872","TORO ARIAS ASESORES DE SEGUROS","Empresas De Seguros"
"00021671","TORRE DAVINCI CL 100 N 23 17 BUCARAMANGA","Otros Servicios"
"00020646","TORRE EMPRESARIAL BAIKAL CALLE 106 54 78","Conjuntos residenciales"
"00021491","TORRES DE AVATARES","Centros Comerciales"
"00025202","TORRES DE SOAR III CRA 50 102 43","Centros Comerciales"
"00013339","TOTAL CREDITO SA","Otros Servicios"
"00009865","Toyota Financial Services AvalPay","Otros Servicios"
"00015858","TRANSPORTES EJECUTIVOS DE COLOMBIA CRA 24 87 29","Cooperativas"
"00020651","TREBOLIS EL PORVENIR CENTRO COMERCIAL CLL 50 SUR","Conjuntos residenciales"
"00029446","Trebolis el Porvenir parqueadero","Conjuntos residenciales"
"00018663","TUBARA SOBRETASA A LA GASOLINA","Impuestos"
"00028288","TUNET","Otros Servicios"
"00020761","Tuya Tc Claro Pay MC","Otras Obligaciones financieras"
"00021480","UAE PAGO DOCUMENTO","Otros Servicios"
"00013381","UDI BUCARAMANGA","Otros Servicios"
"00016579","UNID RESID RAFAEL URIBE URIBE KR73No18 02 MEDELLIN","Conjuntos residenciales"
"00012887","UNIDAD CARDIOLOGICA DE CARTAGENA","Salud y medicina"
"00009783","UNIDAD EMPRESARIAL LYM SAS AV 3 N NO 8N 24 OFI 313","Conjuntos residenciales"
"00001198","UNIDAD RESID EL PORVENIR DE LA FLORA AV3 NTE 37 84","Conjuntos residenciales"
"00008755","UNIDAD RESID VEGAS DEL RIO CLL 70 NORTE NO 2 N 101","Conjuntos residenciales"
"00020658","UNIDAD RESIDENCIAL CENTRO COLOMBIA CRA 28 NO 86 55","Conjuntos residenciales"
"00023435","UNIDAD RESIDENCIAL CERRO CLARO PH","Conjuntos residenciales"
"00014881","UNIDADES TECNICAS DE COLOMBIA UTC","Instituciones Educativas"
"00000442","Uniempresarial","Instituciones Educativas"
"00024772","UNION INDUSTRIAL DE OCCIDENTE SAS","Otros Servicios"
"00020681","UNIPAZ KIIOMETRO 14 VIA BUCARAMANGA","Otros Servicios"
"00003636","UniPiloto Bogota Posgrados","Instituciones Educativas"
"00007463","UniPiloto Bogota Pregrado","Instituciones Educativas"
"00000247","UNIV DEL TOLIMA OTROS SERVICIOS","Instituciones Educativas"
"00004641","UNIV DEL TOLIMA SEGUROS","Instituciones Educativas"
"00024141","UNIVERSIDAD LIBRE PAGO CONGRESOS","Instituciones Educativas"
"00005834","UPB MEDELLIN","Otros Servicios"
"00006365","UR VILLA DEL ESCORIAL PH MEDELLIN CLL 55 80 54","Conjuntos residenciales"
"00020416","URB CAJASAN PARQUE CONDOMINIO CRA 23 NO 30 25","Conjuntos residenciales"
"00029415","URB DE VIVIENDA CONTIGO CON TODO","Conjuntos residenciales"
"00003822","URB FRONTERA DE SURAMERICA CLL75 AA SUR NO 52 D 60","Conjuntos residenciales"
"00006329","URBANIZACION CLARO DE ROBLEDALES CRA 91 B 70 71","Conjuntos residenciales"
"00010241","URBANIZACION CLARO VERDE PH CLL 64 No 94 A 11","Conjuntos residenciales"
"00011487","URBANIZACION LA VIDA ES BELLA","Conjuntos residenciales"
"00020422","URBANIZACION MANGAS IL MZ 9 CALLE 12 A NO 20 30","Conjuntos residenciales"
"00006221","URBANIZACION MONTECLARO PH CL 129 C N 88 D 10","Conjuntos residenciales"
"00021900","URBANIZACION NUEVO LINARES DE LA SIERRA","Conjuntos residenciales"
"00023353","URBANIZACION NUEVO MILENIO PH","Conjuntos residenciales"
"00008923","URBANIZACION PORTON DE OCCIDENTE CLL 65 NO 115 185","Conjuntos residenciales"
"00005807","URBANIZACION SERRAVALLE CALLE 50A NO 86 445","Conjuntos residenciales"
"00022049","URBANIZACION VEGAS DE LAS FLORES","Conjuntos residenciales"
"00010210","URBANIZACION VEGAS DEL RODEO PH CL 2 B SUR 78 B 06","Conjuntos residenciales"
"00010472","VEGAS PARQUE PH CALL 36 NRO 63 56 ITAGUI","Conjuntos residenciales"
"00012047","VELEZ TIENDA PAGO DE CREDITO","Otros Servicios"
"00016047","VIATOUR COOPERATIVA MULTIACTIVA","Otros Servicios"
"00021416","VICUNHA COLOMBIA","Centros Comerciales"
"00015299","VIDA DIVINA WORLDWIDE","Otros Servicios"
"00012479","VIDA EN ACCION CC","Otros Servicios"
"00024640","vidanova","Conjuntos residenciales"
"00028312","VIDRIOS DISTRISURAN","Otras Obligaciones financieras"
"00021562","VITELSA CARTAGENA","Otros Servicios"
"00003666","VIVE PROTECCION SAS","Otros Servicios"
"00008266","WEWORK MEDELLIN CRA 42","Otros Servicios"
"00023798","WIND INMOBILIARIA SAS","Servicios Inmobiliarios"
"00016161","WINE Y CO SAS","Otros Servicios"
"00002469","WINETS","Telecomunicación"
"00004721","WINGO","Servicios De Transporte"
"00001135","WINGO2","Servicios De Transporte"
"00022489","WINNERS INMOBILIARIA SAS AV LAS AMERICAS","Otros Servicios"
"00011640","WINRED COOFINEP","Cooperativas"
"00020723","WINTECH CARRERA 16 A 79 05","Otros Servicios"
"00026098","YAAZ CREDITOS DIGITALES SAS","Otros Servicios"
"00029783","YAMAHA MOTOS BUCARAMANGA","Otros Servicios"
"00017452","AGRUP VIVIENDA CONJ RESID COOP AVIANCA CR98A 22K00","Conjuntos residenciales"
"00000351","AVIANCA S A","Viajes Y Turismo"
"00017558","B2B LATAM CLL 91 71C 84","Otros Servicios"
"00026388","LATAM VICKY","Otros Servicios"
"00025879","LEVERCOL LATAM SAS","Otros Servicios"
"00016916","PROCESAMIENTO DE NOMINA LATAM COL","Otros Servicios"
"00013865","SODECA LATAM SAS","Otros Servicios"
"00017446","AGRUP HOTEL VIVIENDA ARBOLEDA SALITRE CRA 60 2299","Conjuntos residenciales"
"00029133","APARTA HOTEL SKY TOWER PROPIEDAD","Conjuntos residenciales"
"00024014","CONDO HOTEL SEAWAY 935","Conjuntos residenciales"
"00009973","BEST WESTERN 93 PARK HOTEL","Otros Servicios"
"00010226","COMERCIALIZADORA MUNDO HOTELES CL 185 45 03 OF 815","Otros Servicios"
"00012145","Comfandi Recreacion Hoteles","Otros Servicios"
"00011255","HOTEL BACHUE","Otros Servicios"
"00026470","HOTEL BOUTIQUE SANTA ANA PLAZA","Otros Servicios"
"00013669","HOTEL CALIMA REAL CALLE 18 NO 3N 18 CALI","Otros Servicios"
"00011364","HOTEL CAQUETA REAL","Otros Servicios"
"00018606","HOTELES CASA SANTA MONICA","Otros Servicios"
"00021473","Hotel Express 53","Otros Servicios"
"00019557","HOTEL MERLOTT","Otros Servicios"
"00011777","HOTEL PINARES PLAZA","Otros Servicios"
"00023608","HOTEL PLAZA DEL LILI SAS","Otros Servicios"
"00014668","Hotel Solev","Otros Servicios"
"00011223","SERVIHOTELES","Otros Servicios"
"00014696","TODO PARA SU HOTEL SAS","Otros Servicios"
"00003279","HOTEL OBELISCO CALI","Servicios Inmobiliarios"
"00028806","INH APARTAHOTEL BERAKAUP","Servicios Inmobiliarios"
"00017522","APARTAHOTEL IROTAMA DEL SOL CRA 2 121 16 BELLO HOR","Viajes Y Turismo"
"00001451","ASOCIACION HOTELERA TURISTICA COL","Viajes Y Turismo"
"00007470","HOTEL BOGOTA EXPOCOMFORT","Viajes Y Turismo"
"00001320","HOTEL CASA BLANCA","Viajes Y Turismo"
"00004035","HOTEL CASA VICTORIA","Viajes Y Turismo"
"00015095","HOTEL COSTA CHOCO","Viajes Y Turismo"
"00005437","HOTEL DON GREGORIO","Viajes Y Turismo"
"00024834","HOTEL EL EDEN COUNTRY","Viajes Y Turismo"
"00018580","HOTEL EL PRADO","Viajes Y Turismo"
"00003736","HOTELES CASABLANCA SAS","Viajes Y Turismo"
"00008131","HOTELES PORTOBELO SAI","Viajes Y Turismo"
"00030284","HOTEL HILTON GARDEN INN","Viajes Y Turismo"
"00001192","HOTELKARLO","Viajes Y Turismo"
"00008035","HOTEL PRISMA","Viajes Y Turismo"
"00000373","HOTEL SANTA LUCIA","Viajes Y Turismo"
"00020550","HOTEL SUAREL CENTER CARRERA 17 NO 17 30","Viajes Y Turismo"
"00010414","KAHOBA HOTEL","Viajes Y Turismo"
"00004128","MAS HOTELES","Viajes Y Turismo"
"00000255","VASQUEZ E HIJOS CIA HOTEL CAMELIAS","Viajes Y Turismo"
"00015047","EDIFICIO MARTINIQUE TURISMO","Conjuntos residenciales"
"00000992","EDIFICIO PALMETTO BEACH TURISMO BOGRANDE CR1 4 115","Conjuntos residenciales"
"00029213","turismo pueblito","Conjuntos residenciales"
"00021006","ESCUELA DE TURISMO Y AZAFATAS","Instituciones Educativas"
"00027105","TURISMOVCIO","Otros Servicios"
"00001531","COLOMBIANA DE TURISMO Y EXPRES","Servicios De Transporte"
"00003959","ABORDO VIAJES Y TURISMO","Viajes Y Turismo"
"00029589","MACROVIAJES Y TURISMO SAS","Viajes Y Turismo"
"00001812","MAYORISTA DE TURISMO","Viajes Y Turismo"
"00003755","OPERANDO VIAJES Y TURISMO","Viajes Y Turismo"
"00010038","OVER TURISMO","Viajes Y Turismo"
"00013323","PALMETTO TURISMO BOCAGRANDE CRA 1 N 712","Viajes Y Turismo"
"00011291","AGENC DE VIAJ HUELL VIAJER SAS CLL 166 No 8 g 54","Otros Servicios"
"00015134","HOLY VIAJES","Otros Servicios"
"00023931","VIAJEROS POR EL MUNDO","Otros Servicios"
"00023099","VIAJES L Y M LTDA","Otros Servicios"
"00007495","Vendedor viajero","Televisión Por Suscripción"
"00002496","MUNDIVIAJES TRAVEL","Viajes Y Turismo"
"00005304","RECAUDOS CIRCULO DE VIAJES","Viajes Y Turismo"
"00006941","VENTAS CIRCULO DE VIAJES","Viajes Y Turismo"
"00025389","VIAJE AVENTURA","Viajes Y Turismo"
"00015778","VIAJES CGM","Viajes Y Turismo"
"00006940","VIAJES CIRCULAR","Viajes Y Turismo"
"00005473","VIAJES DACAR","Viajes Y Turismo"
"00005488","VIAJES EUPACLA","Viajes Y Turismo"
"00016687","VIAJESINLIMITES SAS CRA 16 A NO 79 87 PISO 2","Viajes Y Turismo"
"00003997","VIAJES PAGO CUOTAS","Viajes Y Turismo"
"00023144","CONDOMINIO 1 DE LA URB LA PILARICA","Conjuntos residenciales"
"00030176","CONJ  PILARICA FLEX","Conjuntos residenciales"
"00014417","CONJ RESIDENCIAL VILLA DEL PILAR I","Conjuntos residenciales"
"00009813","CONJ RESIDENCIAL VILLA DEL PILAR IL PH BRR MOLINOS","Conjuntos residenciales"
"00022189","CONJ RESID LA PILARICA LA SELVA CRA 73B NO 75 171","Conjuntos residenciales"
"00016391","CONJUNTO CERRADO LA PILARICA","Conjuntos residenciales"
"00006421","CONJUNTO RESIDENCIAL LA PILARICA","Conjuntos residenciales"
"00018114","CONJUNTO RESIDENCIAL LA PILARICA CRA 73 NO 2 B 35","Conjuntos residenciales"
"00008915","CONJUNTO RESID PLAZA PILARICA","Conjuntos residenciales"
"00022534","CR LOMAS DEL PILAR ET 4 CUOTA EXTRA","Conjuntos residenciales"
"00016754","CR LOMAS DEL PILAR ETAPA 4","Conjuntos residenciales"
"00003287","EDF EL PILAR JUNTA ADMINISTRAD","Conjuntos residenciales"
"00008989","EDIFCIO CEDROS DE PILARICA PH CRA 74 D CL 75 144","Conjuntos residenciales"
"00019023","EDIF FRONTERA DE LA PILARICA DG 81B NO 76 119","Conjuntos residenciales"
"00019730","EDIFICIO CENTRO PILARICA PH CARRERA 73 C 74107","Conjuntos residenciales"
"00016501","EDIFICIO GUAYACANES DE PILARICA CRA 73 CNo74 34","Conjuntos residenciales"
"00016865","EDIFICIO LA PILARICA PH","Conjuntos residenciales"
"00019853","EDIFICIO LAS PILAS CABUYAL CALI CRA2 OESTE 13 19","Conjuntos residenciales"
"00025188","EDIFICIO MARIA DEL PILAR","Conjuntos residenciales"
"00019939","EDIFICIO MIRADOR DE PILARICA PH","Conjuntos residenciales"
"00019227","EDIFICIO PALMAR DE PILARICA PH CRA 79 N 75 20","Conjuntos residenciales"
"00007586","EDIFICIO PILARICA FLATS PH CRA 73 C 74 83","Conjuntos residenciales"
"00015746","EDIFICIO PILARICA PARK PH CARRERA 73 NO 74 08","Conjuntos residenciales"
"00025231","EDIFICIO TORRE DEL PILAR","Conjuntos residenciales"
"00006272","ED PORTAL DE PILARICA PH CR 79 A NRO 75 16","Conjuntos residenciales"
"00014829","MIRADOR DE LA PILARICA 1 PH","Conjuntos residenciales"
"00008855","MIRADOR DE LA PILARICA 2 CALLE 74 73 13","Conjuntos residenciales"
"00008992","MIRADOR DE LA PILARICA IV PH CRA 73 C NO 74 35","Conjuntos residenciales"
"00022436","Mirador de Villapilar Ph","Conjuntos residenciales"
"00016077","URB VILLA DE LA PILARICA PH","Conjuntos residenciales"
"00007728","IVONNE DEL PILAR HERNANDEZ PAEZ","Fundaciones"
"00012531","COLEGIO DEL PILAR DEL SUR CALLE 11 SUR 9 11","Instituciones Educativas"
"00013858","LICEO FEMENINO NUESTRA SEÑORA DEL PILAR KM 4 FINCA","Instituciones Educativas"
"00007626","MARIA DEL PILAR JARAMILLO SALA","Instituciones Educativas"
"00016066","CLEMENCIA DEL PILAR VILLARREAL CORR CRA 82 25G 60","Otros Servicios"
"00020273","MARIA DEL PILAR FRANCO GUTIERREZ CRA 34 NO 20 62","Otros Servicios"
"00024442","NACIONAL DE PILAS","Otros Servicios"
"00003431","NACIONAL DE PILAS CENTRAL SAS","Otros Servicios"
"00001506","Planilla As Aportes en Linea","Pagos Pila"
"00001136","PLANILLA ASISTIDA SIMPLE","Pagos Pila"
"00002852","Cootracerrejon Aportes","Cooperativas"
"00029447","Aportes Voluntarios Fund San Jose B","Otras Obligaciones financieras"
"00003396","JURISCOOP Aportes sociales","Otras Obligaciones financieras"
"00029895","Depto Caqueta Pasaportes","Otros Servicios"
"00013085","Gobernacion del Choco Pasaportes","Otros Servicios"
"00014546","PASAPORTES DPTO SANTANDER","Otros Servicios"
"O0410","AV VILLAS RECARGA TU CUENTA","Obligaciones Aval"
"O0409","AV VILLAS RECARGA TU CDT","Otros Servicios"
"00021258","EDIFICIIO CITIBANK AVVILLAS","Conjuntos residenciales"
"00016411","EDIFICIO COLINA DEL RIO AVVILLAS","Conjuntos residenciales"
"00023697","EDIFICIO TALI CALI AVVILLAS","Conjuntos residenciales"
"00028789","MUNICIPO DE TURBANA ICA AVVILLAS","Impuestos"
"00021720","ASOCIACIONES L OSORIO CRA 13 NO 27 47","Otros Servicios"
"00014725","INVERSIONES Y COMERCIALIZADORA 34","Conjuntos residenciales"
"00007472","SACHA INCHI COMERCIALIZADORA AGROINDUS SAS CRA 8","Conjuntos residenciales"
"00014253","COMERCIALIZADORA CORREA CORREA SAS","Otras Obligaciones financieras"
"00015123","REYTER COMERCIALIZADORA SAS","Otras Obligaciones financieras"
"00029985","APLUS COMERCIALIZADORA","Otros Servicios"
"00011445","ASESORIAS Y COMERCIALIZADORA","Otros Servicios"
"00013279","ATA COMERCIALIZADORA SAS","Otros Servicios"
"00027188","COMERCIALIZADORA AMERICANDAY","Otros Servicios"
"00025604","COMERCIALIZADORA ANGUIE CHAMELLY","Otros Servicios"
"00017772","COMERCIALIZADORA ASICUC KM 15 VIA PATIOS PAMPLONA","Otros Servicios"
"00015146","COMERCIALIZADORA BULIRA SAS","Otros Servicios"
"00011671","COMERCIALIZADORA CAMARBU SAS","Otros Servicios"
"00006713","COMERCIALIZADORA CAMDUN","Otros Servicios"
"00010688","COMERCIALIZADORA CAMDUN SAS","Otros Servicios"
"00028781","COMERCIALIZADORA CASA HOGAR SAS","Otros Servicios"
"00012434","COMERCIALIZADORA CBB","Otros Servicios"
"00028552","COMERCIALIZADORA CEMENTO PAIS SAS","Otros Servicios"
"00001984","COMERCIALIZADORA CHENG","Otros Servicios"
"00024993","COMERCIALIZADORA COBO SAS","Otros Servicios"
"00024503","Comercializadora Colombiana Super","Otros Servicios"
"00027704","COMERCIALIZADORA DE LUBRICANTES DEL","Otros Servicios"
"00023266","COMERCIALIZADORA DE VIVERES EL RANC","Otros Servicios"
"00026332","COMERCIALIZADORA DIA SAS","Otros Servicios"
"00008011","COMERCIALIZADORA DITEX","Otros Servicios"
"00022687","COMERCIALIZADORA DITEX SAS","Otros Servicios"
"00023868","COMERCIALIZADORA DSM","Otros Servicios"
"00021036","Comercializadora Fenyx SAS","Otros Servicios"
"00029743","COMERCIALIZADORA FONATLAS SAS","Otros Servicios"
"00029873","COMERCIALIZADORA GAPAL SAS","Otros Servicios"
"00022806","COMERCIALIZADORA GLOBAL LIQUORS SAS","Otros Servicios"
"00017749","COMERCIALIZADORA HABITAD SAS CRA 5 ESTE NO 18 50","Otros Servicios"
"00018624","COMERCIALIZADORA HVG SAS","Otros Servicios"
"00026346","COMERCIALIZADORA IMPACTO LTDA","Otros Servicios"
"00018600","COMERCIALIZADORA INAL LUJOS CRA 72 J NO 36 79 SUR","Otros Servicios"
"00024649","COMERCIALIZADORA IVORY 360 SAS","Otros Servicios"
"00011899","COMERCIALIZADORA LA FERRE","Otros Servicios"
"00004339","COMERCIALIZADORA LA MONTANA SAS","Otros Servicios"
"00017732","COMERCIALIZADORA LA UNION MM AV 17 E 2N 54","Otros Servicios"
"00025496","Comercializadora Luhomar","Otros Servicios"
"00017747","COMERCIALIZADORA LUIMER SAS KR 17 NO 36 12","Otros Servicios"
"00011494","COMERCIALIZADORA MARDEN LTDA","Otros Servicios"
"00018565","COMERCIALIZADORA MAYBELL SAS","Otros Servicios"
"00014274","COMERCIALIZADORA MONTGREEN","Otros Servicios"
"00005256","COMERCIALIZADORA NAL S A S","Otros Servicios"
"00021542","COMERCIALIZADORA NAVE LIMITADA","Otros Servicios"
"00010115","COMERCIALIZADORA OLPAR SAS","Otros Servicios"
"00030293","COMERCIALIZADORA OMS SOLUCIONE","Otros Servicios"
"00000383","VIRGIN MOBILE RECARGAS","Telefonía Celular"
"00011667","CABLECOL","Otros Servicios"
"00021669","CABLENETWORK CRA 26 66A29 CUBA PEREIRA","Otros Servicios"
"00024091","CABLES Y LUCES SAS","Otros Servicios"
"00021546","EPIC FABRICA DE CABLES ESPECIA","Otros Servicios"
"00012665","PROCABLES SAS","Otros Servicios"
"00009837","SUPERCABLE TELECOMUNICACIONES","Otros Servicios"
"00007526","CABLE ESPRESS SAS","Telecomunicación"
"00004224","TV CABLE SAN GIL S A S CRA 73 NO 52 66","Televisión Por Suscripción"
"O0401","AV VILLAS - CRÉDITO HIPOTECARIO","Obligaciones Aval"
"O0402","AV VILLAS - CRÉDITO PERSONAL - COMERCIAL","Obligaciones Aval"
"O0403","AV VILLAS - DINERO EXTRA","Obligaciones Aval"
"O0404","AV VILLAS - TARJETA DE CRÉDITO MASTERCARD","Obligaciones Aval"
"O0405","AV VILLAS - TARJETA DE CRÉDITO VISA","Obligaciones Aval"
"O0406","AV VILLAS - OTROS CRÉDITOS","Obligaciones Aval"
"O0411","AV VILLAS-CREDIFAMILIA","Obligaciones Aval"
"00022505","Leasing Operativo AV Villas","Obligaciones Aval"
"00001530","AV Villas Recaudo Cdt","Otras Obligaciones financieras"
"00010350","Fafpg AV Villas","Otras Obligaciones financieras"
"00023915","Casagro AV Villas","Otros Servicios"
"00012039","Cash AV Villas fac","Otros Servicios"
"00023916","Inveragro AV Villas","Otros Servicios"
"00019920","EDIFICIO GRAN MANZANA CR 13A 32 67 AV VILLAS","Conjuntos residenciales"
"00003771","WOM","Telefonía Celular"
"00024682","Manaure Emp Acueducto Agua Potable","Otros Servicios"
"00023636","Agua Bendita","Otros Servicios"
"00015281","Empresa Polyuprotec sa","Otros Servicios"
"00010999","Empresa Corta Distancia","Otros Servicios"
"00018570","Empresa Power Services ltda","Otros Servicios"
"00005141","Ozono Empresa de Servicios Publicos","Otros Servicios"
"00005584","Empresa Servicios Publicos Aguazul","Otros Servicios"
"00013293","Servicio Cementerio","Otros Servicios"
"00029569","Servicio Exequial","Otros Servicios"
"00007788","Servicio de Recaudo","Otros Servicios"
"00000326","Servicio Geologico Colombiano","Otros Servicios"
"00024483","Mpio Abriaqui Servicio","Impuestos"
"00003162","Acueducto Servicio Publi Tocancipa","Otros Servicios"
"00024103","Mpio Caruru Servicio Publico","Impuestos"
"00000186","Industria Electrica del Cauca","Servicios Públicos"
"00013116","Electricas","Servicios Públicos"
"00001418","Distribuciones Electricas Ac","Servicios Públicos"
"00011755","Electricas Bogota ltda","Servicios Públicos"
"00006104","Industrias Electricas Diaz","Servicios Públicos"
"00023508","Accival Electricas Bogota ltda","Servicios Públicos"
"00000090","Vanti sa esp Gas Natural","Otros Servicios"
"00000141","Vanti Gasoriente sa esp","Servicios Públicos"
"00010997","Gas Plus","Servicios Públicos"
"00004960","Gas Chilco","Servicios Públicos"
"00009172","Enel Gas","Servicios Públicos"
"00000254","Efigas Gas Natural","Servicios Públicos"
"00011316","Mi Internet Tv Satelital Hd sas","Otros Servicios"
"00007970","Ci Manufact Model Internat sas","Otros Servicios"
"00005721","Trans Logistica","Impuestos"
"00004785","Trans Ipiales","Otros Servicios"
"00025256","Edificio Terminal Transp Pasto","Conjuntos residenciales"
"00021567","Edificio Terranova Tr 38 Cr53 115","Conjuntos residenciales"
"00029299","Cr Ventura ph Trv 31 N 8 67 Zipa","Otros Servicios"
"00008177","La Oportunidad 3 Cr Hogares Soacha Trv 12 4a93","Otros Servicios"
"00013314","Parque Castilla Tranversal 78d 1094","Otros Servicios"
"00009632","Imp Veh Huila","Otros Servicios"
"00015085","Imp Vehicular Casanare","Impuestos"
"00010586","Imp Exitos","Otros Servicios"
"00012597","Autofrio Imp","Otros Servicios"
"00021462","Municipiodevillamaria Imp Pre","Impuestos"
"00029322","Imp Vehicular Putumayo","Impuestos"
"00030566","Imp Vehiculo Candelaria","Otros Servicios"
"00005444","Ica Montelibano","Impuestos"
"00026647","Ica Calarca","Impuestos"
"00005725","Manati Ica","Impuestos"
"00019450","Tulua Ica","Impuestos"
"00026445","Ebejico Ica","Impuestos"
"00026924","Ica Curumani","Impuestos"
"00028593","Ica Piojo","Impuestos"
"00026444","Ebejico Predial","Impuestos"
"00007190","Fuentedeoro Predial","Impuestos"
"00003802","Predial Tuquerres","Impuestos"
"00010294","Predial Galapa","Impuestos"
"00025900","Predial Firavitoba","Impuestos"
"00004130","Predial Monteria","Impuestos"
"00005524","Manati Predial","Impuestos"
"00007631","Recaudo Contribucion de Valorizacio","Otros Servicios"
"00001373","Idu Valorizacion Acuerdo 724","Impuestos"
"00002580","Municipio Monteria Valorizacion","Impuestos"
"00024793","Valorizacion Mun Ipiales","Impuestos"
"00003705","Alcaldia Santuario Rda Pse","Impuestos"
"00013195","Alcaldia Yopal Estampilla Procultur","Impuestos"
"00003461","Alcaldia de Venadillo Predial","Impuestos"
"00010287","Alcaldia de Yopal Predial","Impuestos"
"00026554","Alcaldia Mpal de Chaparral","Impuestos"
"00023394","Predial Alcaldia de Calarca","Impuestos"
"00013056","Alcaldia Yopal Estampilla Proadulto","Impuestos"
"00005125","Municipio Angelopolis","Impuestos"
"00000202","Municipio de Sabanalarga","Impuestos"
"00026003","Municipio Chachagui Predial","Impuestos"
"00007496","Municipio de Sevilla","Impuestos"
"00024230","Municipio de Gachantiva","Impuestos"
"00029196","Municipio de Cocorna","Impuestos"
"00021274","Municipio Giron Prodeporte","Impuestos"
"00026089","Gobernacion del Choco","Impuestos"
"00025300","Gobernacion del Choco Vehiculo","Impuestos"
"00029313","Imp Registro Gobernacion Putumayo","Impuestos"
"00026390","Gobernacion del Choco Rec Patente","Impuestos"
"00025301","Gobernacion del Choco Cervezas","Impuestos"
"00004067","Ciudad Parque Construcciones","Otros Servicios"
"00001959","M Ciudad Bolivar","Otros Servicios"
"00031051","Cc Ciudad Montes","Otros Servicios"
"00006292","Instituto Ciudad Lorica","Impuestos"
"00026203","Zua Ciudad Coral","Otros Servicios"
"00024146","Colegio Ciudad Cordoba","Instituciones Educativas"
"00027513","Ciudad Limpia Neiva","Otros Servicios"
"00002718","Fenalco Bogota","Otros Servicios"
"00005012","Mazco Bogota","Otros Servicios"
"00014006","Samurai Bogota","Otros Servicios"
"00026768","Tauro Bogota","Otros Servicios"
"00007206","Aseo Bogota","Otros Servicios"
"00007146","Deportivo Cali","Otros Servicios"
"00027253","Acuaser Cali","Otros Servicios"
"00026769","Tauro Cali","Otros Servicios"
"00009942","Cali Pacifico","Otros Servicios"
"00013806","Fundatedi Cali","Otros Servicios"
"00011406","Iccc Cali","Otros Servicios"
"00030438","Fiable Barranquilla","Otros Servicios"
"00014011","Aqualina Cartagena","Otros Servicios"
"00029439","Postobon Pereira","Otros Servicios"
"00016735","Nutrium Ams Pereira","Otros Servicios"
"00011934","Cruzada Pereira","Otros Servicios"
"00023485","Emprender Pereira","Otros Servicios"
"00010766","Megaceramicas Pereira","Otros Servicios"
"00002479","Nutrium Canal Pereira","Otros Servicios"
"00014302","La Plazuela ph Pereira","Otros Servicios"
"00002330","Universidad de Manizales","Instituciones Educativas"
"00005430","Corporacion Centro Manizales","Otros Servicios"
"00012270","Mpio Manizales Rodamiento","Impuestos"
"00012271","Mpio Manizales Predial","Impuestos"
"00010454","Cor Uniamericana Manizales","Otros Servicios"
"00003390","Liceo Arquidiocesano Lans Manizales","Instituciones Educativas"
"00029315","Universidad Mariana","Instituciones Educativas"
"00011601","Universidad Sergio Arboleda","Instituciones Educativas"
"00007482","Universidad del Pacifico","Instituciones Educativas"
"00017977","Universidad Cesmag","Instituciones Educativas"
"00013384","Universidad Ean","Instituciones Educativas"
"00005596","Iuv Universidad","Instituciones Educativas"
"00006593","Universidad Ecci","Instituciones Educativas"
"00000480","Colegio Bolivar","Instituciones Educativas"
"00000359","Colegio Lacordaire","Instituciones Educativas"
"00008353","Colegio Jjcastro","Instituciones Educativas"
"00004312","Colegio Goyabier1","Instituciones Educativas"
"00009113","Colegio Lancaster","Instituciones Educativas"
"00011480","Colegio Comfanorte","Instituciones Educativas"
"00006200","Educacion Futuro","Instituciones Educativas"
"00010641","Comfandi Educacion","Instituciones Educativas"
"00020760","Educacion Cruz Roja","Instituciones Educativas"
"00012437","Corp Ceart Educacion Superior","Instituciones Educativas"
"00001196","Educacion Integral Fines","Instituciones Educativas"
"00003711","Unipiloto Educacion Virtual","Instituciones Educativas"
"00030117","Financia Seguro sas","Otros Servicios"
"00015230","Aseo Seguro y Confiable","Otros Servicios"
"00020328","Prymax Seguro ltda Cr 13 no 22n 32","Otros Servicios"
"00010500","Mutual Salud","Otros Servicios"
"00030406","Salud San Lorenzo","Otros Servicios"
"00010499","Epz","Otros Servicios"
"00005288","Esp Guaduas","Otros Servicios"
"00006841","Aguasdelnorte esp","Otros Servicios"
"00004984","Fondo Distrital","Otros Servicios"
"00018104","Servientrega Credito","Otras Obligaciones financieras"
"00013936","Comfacundi Prestamos","Otras Obligaciones financieras"
"00022943","Factoring","Otras Obligaciones financieras"
"00002064","Logros Factoring","Otras Obligaciones financieras"
"00008647","Inversiones y Transacciones Factoring sas Cll 36d","Otras Obligaciones financieras"
"00030111","Mpio Lloro Arriendo Casetas","Impuestos"
"00025090","Countrymall Plaza Com Arriendo","Otros Servicios"
"00026298","Countrymall Guabinas Yumbo Arriendo","Otros Servicios"
"00007715","Arriendos la 99","Otros Servicios"
"00014937","Conjunt Residencial Palo Verde","Conjuntos residenciales"
"00018634","Conjunt Residencial Pinar del Campo","Conjuntos residenciales"
"00012521","Conjunt Residenc Altamira Vill Vereda Holanda","Conjuntos residenciales"
"00014799","Conjunt Residencial Terra Dl Fikal","Conjuntos residenciales"
"00016028","Conjunt Puerta Madera Cra 45 26 162","Conjuntos residenciales"
"00017929","Conjunt Pasaje Comercial Metrocentro Cll 37 13 45","Conjuntos residenciales"
"00025660","Conjunt Res San Simon de la Pradera","Conjuntos residenciales"
"00023751","Edificio Boracay","Conjuntos residenciales"
"00026083","Edificio Bucaral","Conjuntos residenciales"
"00012555","Edificio Kaoba","Conjuntos residenciales"
"00026272","Edificio Moriat","Conjuntos residenciales"
"00026648","Edificio Barcelo","Conjuntos residenciales"
"00019191","Edificio Barcelona","Conjuntos residenciales"
"00026888","Edificio Citadinno","Conjuntos residenciales"
"00007466","Royal Propiedad Raiz","Conjuntos residenciales"
"00026166","Mosaico Propiedad Horizontal","Conjuntos residenciales"
"00025513","Edificio Eucaliptos Propiedad","Conjuntos residenciales"
"00027520","Crista Propiedad Raiz","Conjuntos residenciales"
"00024279","Edificio Eukaliptos Propiedad","Conjuntos residenciales"
"00024845","Prisma Propiedad Horizontal","Conjuntos residenciales"
"00006034","Edificio Providencia Propiedad","Conjuntos residenciales"
"00000270","Club Miramar","Otros Servicios"
"00001555","Club Colombia","Otros Servicios"
"00022599","Fiori Apartamentos Club","Otros Servicios"
"00010590","Serrezuela Country Club","Otros Servicios"
"00030714","Hospedaje Club House","Otros Servicios"
"00023108","Granada Club House","Otros Servicios"
"00004499","Club de Ejecutivos","Otros Servicios"
"00001874","Lacteos el Recreo","Otros Servicios"
"00001265","Cr Quintas del Recreo Et 5","Otros Servicios"
"00025936","Urbanizacion Hacienda el Recreo ph","Conjuntos residenciales"
"00029232","Recreo Reservado 1 Cuota Extra","Otros Servicios"
"00000546","Senderos del Recreo 1 Extraordinaria","Otros Servicios"
"00004404","Conj Res Alameda del Recreo ph","Otros Servicios"
"00026460","Conj Res Recreo de San Ignacio","Otros Servicios"
"00018886","Edificio Multifamiliar Parque","Conjuntos residenciales"
"00023878","Edificio Parque 79","Conjuntos residenciales"
"00022510","Edificio Parque Golf","Conjuntos residenciales"
"00025046","Torre Parque Central","Conjuntos residenciales"
"00025318","Parque Residencial Netania","Otros Servicios"
"00029551","Jardin Ludinidos","Otros Servicios"
"00029485","Boulevar Ciudad Jardin","Otros Servicios"
"00027257","Urbanizacion Casa Jardin","Conjuntos residenciales"
"00013014","Jardin Alicia Carolina","Otros Servicios"
"00015479","Montessori Jardin Infantil","Otros Servicios"
"00013266","Transporte","Servicios De Transporte"
"00014926","Eucaristico Transporte","Servicios De Transporte"
"00006790","Transporte Muisca","Servicios De Transporte"
"00013462","Transporte Eagle","Servicios De Transporte"
"00010943","Transporte Narvaez","Servicios De Transporte"
"00025409","Mun Tesalia Transporte","Servicios De Transporte"
"00016081","Superintendencia de Transporte","Servicios De Transporte"
"00013523","Radio Taxi Cone","Servicios De Transporte"
"00002239","Taxi Cupos","Servicios De Transporte"
"00002562","Fast Taxi Credit","Servicios De Transporte"
"00024229","Recaudo Taxis Renta","Servicios De Transporte"
"00003300","Pistas Taxis Libres","Servicios De Transporte"
"00024208","Recaudo Taxis Titulos","Servicios De Transporte"
"00004743","Edif Castellana 99 Bussines Center Cll 99 no 49 78","Otros Servicios"
"00021291","Edificio Chico Business Park Calle 93b no 18 32","Conjuntos residenciales"
"00008369","J y G Business Courier sa Cll 23 Norte no 4 N 18","Otros Servicios"
"00013750","Perdomo Business Group Calle 74 no 57a 16","Otros Servicios"
"00021688","Business Technologies Company sas","Otros Servicios"
"00025641","Busco Casa Colombia sas","Otros Servicios"
"00014786","Millennium Business Tower","Otros Servicios"
"00016208","Edificio Mph Metro ph","Conjuntos residenciales"
"00013240","Centro Ccial Metro Bello Cra 50 no 5015 Piso 3","Servicios De Transporte"
"00005460","Plazuelas del Metro ph Cra 100 B no 47 a 33","Servicios De Transporte"
"00022883","Col Metrop de Soledad 2000","Otros Servicios"
"00013458","Recaudo Area Metrop Ctro Occ Amco","Otros Servicios"
"00001071","Campo Santo Metropolitano Arquidiocesis de Cali","Otros Servicios"
"00009724","Metropolitana de Plastico","Otros Servicios"
"00013631","Viba Capital Ctra Central del Norte K17 300m Peaje","Otros Servicios"
"00010149","Parqueadero","Otros Servicios"
"00018691","Pq Central Salitre Extra","Otros Servicios"
"00029900","Conj Takay Reser Pq","Otros Servicios"
"00030575","Gruas y Pq Candelaria","Otros Servicios"
"00023574","Sun Ace Pq sas","Otros Servicios"
"00000471","Parqueadero Hotal Aristi","Otros Servicios"
"00023458","Edificio Parqueadero Av Jimenez","Conjuntos residenciales"
"00002070","Gpp Colombia","Otros Servicios"
"00015602","Vozchler Colombia","Otros Servicios"
"00011062","Algrano Colombia","Otros Servicios"
"00001306","Aje Colombia","Otros Servicios"
"00010077","Syscom Colombia","Otros Servicios"
"00001508","Lifeducation Colombia","Otros Servicios"
"00025485","Sintrambiente Nacional","Otros Servicios"
"00004995","Vidriera Nacional","Otros Servicios"
"00005360","Seguridad Nacional","Otros Servicios"
"00023973","Nacional de Distribuciones","Otros Servicios"
"00006125","Central Invesment","Otros Servicios"
"00006038","Central Ganadera","Otros Servicios"
"00012278","Central Pecuaria Ibague","Otros Servicios"
"00026036","Inter Rapidisimo 1","Otros Servicios"
"00023031","Inter Rapidisimo sa","Otros Servicios"
"00005345","In Fashion Lg","Otros Servicios"
"00015907","Cci Corporacion Colombia Inter","Otros Servicios"
"00016378","Datos y Finanzas In Cloud","Otros Servicios"
"00023603","In House Bienes Raices sas Recaudo","Otros Servicios"
"00016705","Sm Computer sas","Otros Servicios"
"00012584","Servicentro Super","Otros Servicios"
"00001515","Pinturas Super","Otros Servicios"
"00011074","Nutrimentos Super","Otros Servicios"
"00009203","Super Abono","Otros Servicios"
"00004586","Super Pagos","Otros Servicios"
"00023650","Colchones Super Suave","Otros Servicios"
"00024123","Mega Luces sas","Otros Servicios"
"00015539","Mega Medicass sas","Otros Servicios"
"00028921","Mega Guay Colombia","Otros Servicios"
"00010925","Distribuiciones Mega sas","Otros Servicios"
"00023468","Veotec Seguridad Omega","Otros Servicios"
"00014674","Seguridad Omega ltda","Otros Servicios"
"00008698","Omega sas","Otros Servicios"
"00013543","Multi Sol de Oriente","Otros Servicios"
"00026084","Edificio Multi Asoc Siete Esquinas","Conjuntos residenciales"
"00007963","Condominio Multi Nva Esperanza ph","Conjuntos residenciales"
"00001236","Multi Oficinas de Colombia","Otros Servicios"
"00012491","Multi Centauros Conjunto B","Conjuntos residenciales"
"00030835","Ed Multi 2051 Loft ph","Otros Servicios"
"00015361","Ed Multi F Altos de Centenario","Otros Servicios"
"00012599","Grupo Estrategico","Otros Servicios"
"00023917","Grupo Anfor","Otros Servicios"
"00023411","Grupo Aquaterra","Otros Servicios"
"00022911","Grupo Barlovento","Otros Servicios"
"00017358","Grupo Megacor","Otros Servicios"
"00010153","Grupo North","Otros Servicios"
"00012977","Grupo Koine","Otros Servicios"
"00007570","Corp Universitaria","Otros Servicios"
"00005645","Corp Escuela","Instituciones Educativas"
"00016874","Tanke Corp","Otros Servicios"
"00005658","Corp Interactuar","Otros Servicios"
"00025132","Qve Corp sas","Otros Servicios"
"00029310","Corp Especialistas Farallones","Otros Servicios"
"00010627","Corp Universitaria Cenda","Otros Servicios"
"00005149","Dicolseg ltda","Otros Servicios"
"00004867","Coonalemjusticia ltda","Otros Servicios"
"00000105","Coomutranort ltda","Otros Servicios"
"00000235","Rameco ltda","Otros Servicios"
"00000246","Securitac ltda","Otros Servicios"
"00006766","Pierco ltda","Otros Servicios"
"00026536","Crn ltda","Otros Servicios"
"00007252","Olaflex sas","Otros Servicios"
"00005730","Dimobe sas","Otros Servicios"
"00000661","Psicored sas","Otros Servicios"
"00004432","Jelumar sas","Otros Servicios"
"00004036","Cartadiesel sas","Otros Servicios"
"00025849","Alolegal sas","Otros Servicios"
"00026127","Improagroferti sas","Otros Servicios"
"00023077","Verdu Salon Social O Parqueadero","Otros Servicios"
"00027003","Cr Ribera Alta Uso Salon Social","Otros Servicios"
"00005316","Kimautos sa","Otros Servicios"
"00007285","Finanzauto sa","Otros Servicios"
"00006510","Demoda sa","Otros Servicios"
"00007693","Sky sa","Otros Servicios"
"00004949","Cipa sa","Otros Servicios"
"00019706","Edificio Cabrechi Club Spa Cr 11 no 30 61","Conjuntos residenciales"
"00020547","Home Spa Live sa Calle 97 a no 53 46","Otros Servicios"
"00025343","Drosan Limitada","Otros Servicios"
"00026493","Poligono Sniper Limitada","Otros Servicios"
"00008387","Decoraciones Astoria Limitada","Otros Servicios"
"00026588","Inversiones Santa Elisa Limitada","Otros Servicios"
"00016158","Mare Limitada","Otros Servicios"
"00025074","Aseamos y Servimos Aa","Otros Servicios"
"00021584","Mirador de Bucaros Cl 40 Aa 59","Otros Servicios"
"00020164","Nativo Aptos ph Itagui Cr 53 75 Aa","Otros Servicios"
"00022724","Instituto Colombo Venezolano Cra 84 33 Aa 1","Instituciones Educativas"
"00009858","Urbanizacion Cactus ph Calle 75 Aa Sur 53 246","Conjuntos residenciales"
"00010496","Unidad Resid Torreones de Cataluna Cl 37 23 Aa 37","Conjuntos residenciales"
"00024657","Conj R Polaris Cll 73 S 63 Aa 185","Otros Servicios"
"00027029","Alejandro Belalcazar Ab Servicios I","Otros Servicios"
"00024699","Edificio Dallas ph Dg59 Ab 42","Conjuntos residenciales"
"00000707","Edifiico Ab Proyectos Calle 98 no 9a 41","Otros Servicios"
"00020731","Ab Comercial Limitada Carrera 16 no 70a 74","Otros Servicios"
"00017891","Conjunto Gualanday Ab ph Cra 113 Bis 580","Conjuntos residenciales"
"00019572","Conjunto Residencial la Alhambra Ab Cl 12 no 39 40","Conjuntos residenciales"
"00010927","Urban Sendero de Bosque Verde ph Cl 47 a 6 Ab 30","Otros Servicios"
"00003577","Ventas y Marcas Ac","Otros Servicios"
"00014796","Ac Dc Electric sas","Otros Servicios"
"00016369","Altavista ph Avenida Calle 100 Nro 64 51","Otros Servicios"
"00023651","Ac Inversiones Medicas sas","Otros Servicios"
"00003566","Conjunto Avenida Parque Calle 24a no 59 59","Conjuntos residenciales"
"00003298","Edificio 106 Avenida Calle 106 no 19 a 18","Conjuntos residenciales"
"00023969","Solardiente ph Admon","Otros Servicios"
"00027289","Multifamiliares Barzal Admon","Conjuntos residenciales"
"00025561","Nueva Esperanza ii Admon","Otros Servicios"
"00006076","Conj San Felipe de Barajas Km 1 Via Al Aeropuerto","Otros Servicios"
"00007132","Aer Caribe sa","Otros Servicios"
"00023271","Comando Aereo de Combate no 6","Otros Servicios"
"00027065","Com Aereo de Combate 6 Fdo esp Part","Otros Servicios"
"00002765","Conj Resid Puerto Bahia 1 Et Av Aeropuerto Flandes","Otros Servicios"
"00026049","Juris Coactiva Unidad Aeronautica","Impuestos"
"00025846","Mantenimientos y Servicios Af","Otros Servicios"
"00005985","Conj Res Florencia Afidro ph Cr 90 Bis no 75 77 76","Otros Servicios"
"00018440","Conj Resid San Andres Afidro Mz 3 Cll 143a 128 51","Otros Servicios"
"00028306","Recaudo Afianzando","Otros Servicios"
"00013745","Afianzadora Tu Fianza sa","Otros Servicios"
"00023828","Affi","Otros Servicios"
"00003572","Afiancol","Otros Servicios"
"00013174","Agp Services sas","Otros Servicios"
"00007014","Agencia Vyg","Otros Servicios"
"00013165","Agp Representaciones sas","Otros Servicios"
"00013078","Agencia Wellco ltda","Otros Servicios"
"00020355","Agp Urapanes Ad Cr 111c80","Otros Servicios"
"00009679","Agencia Abc Repecev","Otros Servicios"
"00027341","Postobon Yumbo Ah","Otros Servicios"
"00001936","Cooptraiss Aho","Otros Servicios"
"00004001","Tecnomedica Aho","Impuestos"
"00020177","Cr Don Sebastian Aho Cl3 73 60","Otros Servicios"
"00010700","Parque Cial y Res Victoria Aho Cr14 Avcaracas 94 8","Otros Servicios"
"00018905","Ed Cabrero 272 Av Real del Cabrero 42 28 Cta Ahorr","Otros Servicios"
"00012239","Mono Ahumeria y Refresqueria","Otros Servicios"
"00025527","Air Castle sas","Otros Servicios"
"00018692","Edificio Multifamiliar Bel Air","Conjuntos residenciales"
"00029813","Agp de Vivienda Buenos Aires ii S","Otros Servicios"
"00027396","Airy ph sas","Otros Servicios"
"00008856","Edificio Buenos Aires ph Cra 32 no 50 10","Conjuntos residenciales"
"00021616","Universal de Aires","Otros Servicios"
"00012890","Panamericana Airlines","Otros Servicios"
"00009095","Aj Colombia","Otros Servicios"
"00009951","Ajover","Otros Servicios"
"00030512","Distribuciones Ajar sas","Otros Servicios"
"00005579","Ladrillera el Ajizal","Otros Servicios"
"00024739","Ajar","Otros Servicios"
"00028299","Ajar1","Otros Servicios"
"00020971","Comerbas sas Avenida Carrera 30 67 59","Otros Servicios"
"00021876","Edificio San Francisco Avenida Carrera 14 N 50 49","Conjuntos residenciales"
"00021923","Sorrento Pi Centro de Negocios Av Kr 30 no 75 65","Otros Servicios"
"00031385","Aceros Pensilvania Av Cr 30no 29 79","Otros Servicios"
"00017219","Edificio Solario ph Ak 20 85 44","Conjuntos residenciales"
"00020064","Edificio Scala Xiv Av Cr 50 58a  08","Conjuntos residenciales"
"00024317","Pollos Al Dia sas","Otros Servicios"
"00025364","Fundacion Escala Al Desarrollo","Fundaciones"
"00005647","Imp Al Deguello de Ganado","Impuestos"
"00017720","Manzana 9 Urb Natura Efid Al","Otros Servicios"
"00014294","Edificio Vial Al Cedro V ph","Conjuntos residenciales"
"00012441","Conjunto Campestre Ambichinte Km28 Via Al Queremal","Conjuntos residenciales"
"00010089","Ferreteria Am","Otros Servicios"
"00008187","Alfa Am ltda Neurobusiness","Otros Servicios"
"00029396","Taller Ludico I Am sas","Otros Servicios"
"00031140","Ed del Amo Ap","Otros Servicios"
"00005821","Ami","Otros Servicios"
"00019943","Edificio Leforet Santa Monica Av10 Norte 24 An 15","Conjuntos residenciales"
"00022532","Ezenza sa Av 5 no 23 An 35","Otros Servicios"
"00011730","Conjunto Resid Santa Ana del Prado Cl35a 2 An 95","Conjuntos residenciales"
"00015959","Asesorias Inmobiliarias Dh sas Av 6 An 18 69","Otros Servicios"
"00003957","Edif Multif Comercial Morinda de Luxe Cl 56 An Bis","Otros Servicios"
"00002678","Conj Resid Balcones de Valdepenas Cll70 Norte 2 An","Otros Servicios"
"00012303","Electro Ao sas","Otros Servicios"
"00018183","Fid 422093 Aoa","Otros Servicios"
"00015999","Institu Educati Colegio Aozora ltda Cll 9c Bis","Instituciones Educativas"
"00029947","Aorum Group sas","Otros Servicios"
"00027184","Bellaluna Apartamentos","Otros Servicios"
"00027180","Ankara Apartamentos","Otros Servicios"
"00014767","Greengold Apartamentos","Otros Servicios"
"00015630","Zonata Apartamentos","Otros Servicios"
"00013848","Qbika Apartamentos","Otros Servicios"
"00010331","Nordica Aptos","Impuestos"
"00014308","Edificio Tozcana Apartamentos","Conjuntos residenciales"
"00025055","Aqa Group","Otros Servicios"
"00010242","Cr Urbanizacion Aquamonte ph Cll 36 Aa Sur 26a 30","Conjuntos residenciales"
"00006499","Aqui Entre Ninos Calle 9 N 4e 22 Urb Sayago","Otros Servicios"
"00006183","Edificio Aquarium 7 Cll 7 no 4 a 9 Rodadero","Conjuntos residenciales"
"00017923","Conj Resid Alameda del Rio Cl 23a 22 43 Aquines","Otros Servicios"
"00012435","Ar Investigaciones Crediticias","Otros Servicios"
"00031132","Conj Ribadeo Ar Extraordinaria","Otros Servicios"
"00025870","Ar Reserva Tayrona Ext","Otros Servicios"
"00022613","Ar Legal Consulting sas","Otros Servicios"
"00028770","Cr Boreal Av las Palmas Armenia","Otros Servicios"
"00026556","Edificio Arc Pama","Conjuntos residenciales"
"00017846","As Elastomeros sas","Otros Servicios"
"00023307","La Casa del Color As sas","Otros Servicios"
"00021444","Orjuela Compania Limitada As Calle 71a 14a 27","Otros Servicios"
"00020397","Trial Asesores sas Cali Av 4n 8n 37 Of M3","Otros Servicios"
"00024965","At Abogados de Transporte sas","Servicios De Transporte"
"00020362","Conj Residencial Ventura Soledad At","Otros Servicios"
"00000914","Medical World At Your Home sas","Otros Servicios"
"00005581","Huevo Ata","Otros Servicios"
"00010963","Accesorio Moto Au sas","Otros Servicios"
"00029847","Emprial Tifa Aut Norte Km 20","Otros Servicios"
"00000228","Corp Aut Reg Desar Soste del Choco","Otros Servicios"
"00020908","Grupo Gaviria Prenecesidades Aut Norte no 118 30","Otros Servicios"
"00003804","Parcelacion Altos de Yerbabuena Aut Norte Km 22","Conjuntos residenciales"
"00003344","Drinks Colombia Aut Norte el Trapiche Vda Sandres","Otros Servicios"
"00015799","Edificio Avenida 15 Av 15 N 119 48","Conjuntos residenciales"
"00029820","Av Helados Mexicanos","Otros Servicios"
"00031303","Fundafast sas Av","Otros Servicios"
"00023401","Import Korea Awh sas","Otros Servicios"
"00031091","Cabildo Indigena Awa Cuaiquer","Otros Servicios"
"00030073","Awa Et 1 To 1 ph","Otros Servicios"
"00004300","Awtech Software Developers sas","Otros Servicios"
"00005487","Distribuciones Axa","Otros Servicios"
"00016464","Edificio Axxis Parque Golf Carrera 59cno79 350","Conjuntos residenciales"
"00024016","Macropollo Ayl","Otros Servicios"
"00014111","Aym Araucarias","Otros Servicios"
"00025316","Grupo Ayc","Otros Servicios"
"00026945","Inmobiliaria Aym","Otros Servicios"
"00017007","Ayg Import sas","Otros Servicios"
"00021124","Aym System And Services","Otros Servicios"
"00030931","Aym Soluciones y Finanzas sas","Otros Servicios"
"00021244","Az Smart Technology ltda Calle 100 no 47 a 42","Otros Servicios"
"00023536","Grupo Azc sas","Otros Servicios"
"00004482","Conj Re Azafran Ciudad Tierra Buena","Otros Servicios"
"00027402","Edificio Mar Azul ii","Conjuntos residenciales"
"00020290","Multifamiliares Mar Azul Oriente Cll 18 no 23 65","Conjuntos residenciales"
"00028005","Asoc Padres de Flia Azomont","Otros Servicios"
"00003808","Agromilenio Recaudo","Otros Servicios"
"00003807","Agropaisa Recaudo","Otros Servicios"
"00025976","Recaudo Ciat","Otros Servicios"
"00010131","Recaudo Emserchoachi","Otros Servicios"
"00004328","Recaudo Toyoimport","Otros Servicios"
"00028692","Recaudo Insesp","Otros Servicios"
"00031268","Dian Facturas","Otros Servicios"
"00028459","Laboratorios Edo Facturas","Otros Servicios"
"00014824","Facture","Otros Servicios"
"00012320","Facturo Colombia sas Cll 90 no 12 28","Otros Servicios"
"00002892","Caribemar de la Costa Facturacion","Otros Servicios"
"00002588","Aire Facturacion","Otros Servicios"
"00000131","Acueducto Triple a Facturacion","Otros Servicios"
"00030817","Matricula Instituto Culturama","Instituciones Educativas"
"00016020","Gpnsf Matricula","Otros Servicios"
"00012875","Matricula Itt","Otros Servicios"
"00022824","Colcasablanca Matricula","Otros Servicios"
"00005092","Rec Matricula","Otros Servicios"
"00018620","Univalle Matricula Financiera","Otras Obligaciones financieras"
"00029513","Ens Matricula Boton Aval","Otros Servicios"
"00001039","Credibueno Cuota","Otros Servicios"
"00030490","Cuota Extraordinaria","Otros Servicios"
"00031362","Cetsa Cuota Inicial","Otros Servicios"
"00025983","Cuota Extra Multisuba","Otros Servicios"
"00027095","Ficus Cuota Extraordinaria","Otros Servicios"
"00031227","Celsia Cuota Inicial","Otros Servicios"
"00026405","Rcampina Cuota Extra","Otros Servicios"
"00022910","Eticnar Tasa Prodep","Otros Servicios"
"00027515","Cortolima Tasa Retributiva","Otros Servicios"
"00024827","Mun Gualmatan Tasa Prodeporte","Otros Servicios"
"00023876","Mun Linares Tasa Prodeporte","Otros Servicios"
"00023879","Mun Santacruz Tasa Prodeporte","Otros Servicios"
"00024813","Mun Consaca Tasa Prodeporte","Otros Servicios"
"00024541","Mun San Pablo Tasa Prodeporte","Otros Servicios"
"00011960","Cordoba Multas","Otros Servicios"
"00021551","Multas Transito Caucasia","Otros Servicios"
"00030587","Acuerdos Multas Candelaria","Otros Servicios"
"00025427","Multas Polca Villa Rica","Impuestos"
"00003512","Caucasia Multas Transito","Otros Servicios"
"00030970","Mpio Tejada Multas","Impuestos"
"00026211","Comp Multas Sancion Transito Patios","Otros Servicios"
"00026322","Ffds Recaudo de Multas y Sancione","Otros Servicios"
"00029920","Sanciones Pecunarias por Maltrato","Otros Servicios"
"00013832","Fiduagraria Fsp Sanciones","Otros Servicios"
"00015243","Progresar esp Aporte Volu","Otros Servicios"
"00021009","Aporte Medico sas","Otros Servicios"
"00004634","Coop Mult Aporte y Cred Solidarios","Cooperativas"
"00021230","Aporte a Fondo de Compensacion Ambiental Cll 37","Otros Servicios"
"00031455","Aportes Diocesis","Otros Servicios"
"00026963","Artevivo Fundacion","Fundaciones"
"00027403","Fundacion Dharma","Fundaciones"
"00019038","Fundacion Inalta","Fundaciones"
"00010040","Fundacion Wikideas","Fundaciones"
"00016406","Fundacion Orientame","Fundaciones"
"00008042","Fundacion Fata","Fundaciones"
"00004188","Fundacion Mayaguez","Fundaciones"
"00031298","Asoc Finanpe","Otros Servicios"
"00019447","Asociacion Aconino","Otros Servicios"
"00014900","Asociacion Amucc","Otros Servicios"
"00015057","Asociacion Progresar","Otros Servicios"
"00023196","Asociacion Ascival","Otros Servicios"
"00010097","Coopropiedad Asoc Mutual","Conjuntos residenciales"
"00030784","Asoc Reciclado Ando","Otros Servicios"
"00030521","Corp Unica Colombia","Impuestos"
"00026992","Corporacion Corpoamericas","Otros Servicios"
"00000946","Coop Cemcop","Cooperativas"
"00030243","Coop Crediquintas","Cooperativas"
"00030242","Coop Cercafe","Cooperativas"
"00004792","Coop Universitaria Bolivariana","Cooperativas"
"00027285","Caja Honor","Otros Servicios"
"00025027","Liga Antioquena de Baloncesto","Otros Servicios"
"00023645","Liga Contra el Cancer Manizales","Otros Servicios"
"00012863","Liga Contra el Cancer Cucuta","Otros Servicios"
"00012336","Liga Colombiana Contra el Cancer","Otros Servicios"
"00025328","Liga de Patinaje de Bogota","Otros Servicios"
"00023130","Liga Vallecaucana de Baloncesto","Otros Servicios"
"00029935","Ed Federacion ph","Otros Servicios"
"00012328","Federacion de Iglesias Cruzada","Otros Servicios"
"00008955","Federacion Colombiana de Jiujitsu","Otros Servicios"
"00011591","Federacion Colomb de Productores de","Otros Servicios"
"00013191","Federacion Colombiana Porrismo Calle 37 1158","Otros Servicios"
"00012922","Federacion Colombiana de Patinaje Cra74 no 25 F 10","Otros Servicios"
"00002397","Provecol Antioquia","Otros Servicios"
"00029674","Spectratel Antioquia","Otros Servicios"
"00012873","Recaudos Antioquia","Otros Servicios"
"00028535","Movilidad Santafe de Antioquia","Otros Servicios"
"00010610","Pasaporte Ordinario Dto Antioquia","Impuestos"
"00009236","Universidad de Antioquia I","Instituciones Educativas"
"00003994","Bodegas America de Antioquia","Servicios Públicos"
"00011587","Loteria de Cundinamarca","Otros Servicios"
"00002475","Atlantico sas","Otros Servicios"
"00005767","Vehicular Atlantico","Impuestos"
"00015415","Distri Intensivas del Atlantico","Otros Servicios"
"00008276","Edificio Torres del Atlantico","Conjuntos residenciales"
"00013290","Concreto y Agregados del Atlantico","Otros Servicios"
"00001912","Fenalco Atlantico Kra 52 no 69 96","Otros Servicios"
"00010373","Colegio Agustin Codazzi Eu Soledad Atlantico Cll56","Instituciones Educativas"
"00007040","Fenalco Valle","Otros Servicios"
"00011365","Fenalce Valle","Otros Servicios"
"00023958","Valle Avanza","Otros Servicios"
"00001311","Cerveceria del Valle","Otros Servicios"
"00011306","Recaudos Lifutbol Valle","Otros Servicios"
"00023124","Hello Valle Comfandi","Otros Servicios"
"00009824","Impuesto Vehicular Valle","Impuestos"
"00023424","Comfenalco Santander","Otros Servicios"
"00014468","Prospera Santander","Otros Servicios"
"00008062","Comercializadora Santander","Otros Servicios"
"00001038","Incubadora Santander","Otros Servicios"
"00025362","Gimnasio Santander","Otros Servicios"
"00030092","Dpto Santander","Impuestos"
"00004039","Salsamentaria Santander","Otros Servicios"
"00012029","Mun Boyaca","Otros Servicios"
"00024687","Coemased Boyaca","Otros Servicios"
"00015511","Nutrium Canal Boyaca","Otros Servicios"
"00025750","Universidad de Boyaca","Instituciones Educativas"
"00010875","Autos y Caminoes de Boyaca","Otros Servicios"
"00023206","Unilasallista Caldas","Otros Servicios"
"00026669","Comercial Caldas","Otros Servicios"
"00010546","Cor Uniamericana Caldas","Otros Servicios"
"00006707","Licorera de Caldas","Otros Servicios"
"00028786","Distribuciones Caldas sas","Otros Servicios"
"00002150","Municipio de Caldas","Impuestos"
"00001079","Uniautonoma del Cauca","Otros Servicios"
"00029428","Loteria del Cauca","Otros Servicios"
"00013397","Distritiendas del Cauca","Otros Servicios"
"00026883","Estampilla Unicauca Dpto Cauca","Impuestos"
"00007716","Colegio Mayor del Cauca","Instituciones Educativas"
"00026699","Impuesto Vehicular Dpto Cauca","Impuestos"
"00020477","Dpto Huila Imptovehi","Impuestos"
"00023537","Lsa Colom Huila","Otros Servicios"
"00009743","Otros Ingresos Dpto Huila","Impuestos"
"00003233","Dsierra Huila sas","Otros Servicios"
"00028451","Transito del Huila Cb Interno","Otros Servicios"
"00021609","Aguas del Huila esp","Otros Servicios"
"00004648","Unv del Tolima Posgrados","Otros Servicios"
"00030089","Dpto Tolima","Impuestos"
"00004082","Universidad del Tolima Extensiones","Instituciones Educativas"
"00012125","Universidad del Tolima Veterinaria","Instituciones Educativas"
"00004076","Unv del Tolima Investigaciones","Otros Servicios"
"00025850","Concre Tolima sa","Otros Servicios"
"00006246","Instituto Antonio Nariño","Instituciones Educativas"
"00004400","Cond Campestre Bellavista Vda Busca Vda Nariño Cun","Otros Servicios"
"00009157","Condominio Bello Horizonte 5a Norte Via Nariño","Conjuntos residenciales"
"00004891","Comfamiliar Narino","Otros Servicios"
"00014482","Estampillas Narino","Impuestos"
"00026198","Surtiventas de Narino","Otros Servicios"
"00027255","Vehicular Cordoba","Impuestos"
"00000213","Cordoba Monteria","Otros Servicios"
"00022079","Multifamiliar Cordoba Tunal","Conjuntos residenciales"
"00011395","Constructora de Cordoba ltda","Otros Servicios"
"00001279","Lagos de Cordoba Segunda Etapa","Otros Servicios"
"00029850","Tropical Sucre","Otros Servicios"
"00005135","Universidad de Sucre","Instituciones Educativas"
"00013275","Tropical de Sucre","Otros Servicios"
"00026947","Impuesto Vehicular Dpto Sucre","Impuestos"
"00006375","Corporacion Universitaria de Sucre","Otros Servicios"
"00021587","Edif Sucre Av4nte 8 N 54 Cali","Otros Servicios"
"00020483","Edificio Sucre 860526802 Calle 42 no 8 a 80","Conjuntos residenciales"
"00030387","Heidi Bolivar","Otros Servicios"
"00002236","Fenalco Bolivar","Otros Servicios"
"00002026","Utb Bolivar","Otros Servicios"
"00016884","Foncomfenalco Bolivar","Otros Servicios"
"00016791","Multifamiliar Bolivar","Conjuntos residenciales"
"00031372","Dpto de Bolivar","Impuestos"
"00010957","Desechables del Cesar","Otros Servicios"
"00001987","Lacteos del Cesar","Otros Servicios"
"00027234","Dpto Cesar Imp Vehiculo","Impuestos"
"00009039","Cecar","Otros Servicios"
"00007428","Cecar Manual","Otros Servicios"
"00011515","Celar ltda","Otros Servicios"
"00027127","Grupo Casar sas","Otros Servicios"
"00016395","Clinica Magdalena","Impuestos"
"00011726","Iasd Alto Magdalena","Otros Servicios"
"00008040","Vehicular Magdalena","Impuestos"
"00031339","Dpto Magdalena Cerveza Nacional","Impuestos"
"00009862","Universidad del Magdalena","Instituciones Educativas"
"00031338","Dpto Magdalena Cerveza Extranjera","Impuestos"
"00029347","Municipio Puerto Santander Aval","Impuestos"
"00029235","Municipio de Pivijay Aval","Impuestos"
"00013095","Distrubiciones Adal sas","Otros Servicios"
"00020207","Agrupacion Devivienda Tekoa V Cra 97c no 50 20 Sur","Otros Servicios"
"00011430","Iccc Villas","Otros Servicios"
"00021467","Villas de Castilla","Otros Servicios"
"00010072","Sitionuevo Acueducto","Otros Servicios"
"00000539","Alcantarillado Aseo Zipaquira","Otros Servicios"
"00000018","Acueducto y Alcantarillado Bogota","Otros Servicios"
"00009223","Inversiones Aseo Integral","Otros Servicios"
"00008519","Aseo Soluciones Ambientales","Otros Servicios"
"00009658","Aseo Interseo sas esp","Otros Servicios"
"00009657","Aseo del Norte sa esp","Otros Servicios"
"00022869","Epc Concepcion","Otros Servicios"
"00018253","Edm","Otros Servicios"
"00005172","Institucion Universitaria Eam","Instituciones Educativas"
"00026894","Comerciali D Aliment Triple a sas","Otros Servicios"
"00030460","Triple 777 Siete S a S","Otros Servicios"
"00000076","Acueducto Veolia Aguas de Tunja sa esp","Otros Servicios"
"00022036","Afrocaucana de Aguas","Otros Servicios"
"00022353","Aguas del Parque esp","Otros Servicios"
"00024549","Aguas de Aburra","Otros Servicios"
"00011460","Paleteria Yom Yom","Otros Servicios"
"00011459","Helados Yom Yom","Otros Servicios"
"00029695","Inver Com sas","Otros Servicios"
"00015428","Ice Com","Otros Servicios"
"00030641","Ed Dom ph","Otros Servicios"
"00016022","Transportes Ejecutivos Com","Servicios De Transporte"
"00013001","Caballeros de la Virgen","Otros Servicios"
"00018783","Edificio Ana Virginia Il ph Cll 63 no 24 44","Conjuntos residenciales"
"00021819","Urbanizacion la Virginia Carrera 7 no 28 Cn 07","Conjuntos residenciales"
"00000204","Municipio de la Virginia","Impuestos"
"00031244","Sevilla Nos Une","Otros Servicios"
"00011400","Comercio Directo sas","Otros Servicios"
"00031228","Aseo Directa Ciudad Limpia","Otros Servicios"
"00027351","Nutrium Pt02 Canal Directo","Otros Servicios"
"00021982","Franquicias Direct Tv sas","Otros Servicios"
"00018888","Papeles y Rollos Telex ltda Papel","Otros Servicios"
"00022583","Conj Resid Firenze","Otros Servicios"
"00013759","Conj Resid Tierradentro","Otros Servicios"
"00016696","Conj Resid Quisqueya","Otros Servicios"
"00018388","Conj Resid Treviso Cali","Otros Servicios"
"00029230","Conj Resid Iroka Pintura","Otros Servicios"
"00015464","Conj Resid Contin Ascensor1","Otros Servicios"
"00029199","Conj Resid Mediterrane Extraordina","Otros Servicios"
"00030793","Urb Atalanta ph","Otros Servicios"
"00026360","Extra2024 Urb Mazuren 16ph","Otros Servicios"
"00006409","Urb Roblealto P H","Otros Servicios"
"00014737","Urb Villa Esperanza Armenia","Otros Servicios"
"00030068","Urb Par de Alejandria","Otros Servicios"
"00024901","Urb Parques de Cataluna","Otros Servicios"
"00021487","Urb Serrania de Sandiego","Otros Servicios"
"00004619","Pa Alpha","Otros Servicios"
"00003435","Silver Pa","Otros Servicios"
"00031109","Hc Pamplemusa Pa","Otros Servicios"
"00022793","Pa Fasanara Plurall","Otros Servicios"
"00023396","Pa Fp Jcap","Otros Servicios"
"00024345","Pa Ftp Novartec sas","Otros Servicios"
"00025278","Plaza Barrio Bolivar Popayan","Conjuntos residenciales"
"00026264","Jac del Barrio la Esmeralda Popayan","Conjuntos residenciales"
"00008371","Jac del Barrio las Orquideas","Conjuntos residenciales"
"00015256","San Miguel ii Barrio Juan Rey","Conjuntos residenciales"
"00001647","Conjunto Resid Montebianco Barrio los Alpes","Conjuntos residenciales"
"00012824","Saishopping Barrio Natania Sexta Etapa Casa 75","Conjuntos residenciales"
"00016513","Edificio Portal del Sol Kr19no28 58 Barrio Granada","Conjuntos residenciales"
"00020200","Villa Santorini","Otros Servicios"
"00024073","Conjunto Villa Sofia","Conjuntos residenciales"
"00031193","Villa 76 Institut","Otros Servicios"
"00020715","Villa Campestre Majagua Calima Darien Villa Camp","Otros Servicios"
"00021012","Edificio Villa Camila","Conjuntos residenciales"
"00013807","Conjunto Villa Toscana","Conjuntos residenciales"
"00021208","Condomini Villa Trinidad","Conjuntos residenciales"
"00010834","Portal Turistico","Otros Servicios"
"00003524","Gran Portal Residencial","Otros Servicios"
"00024070","Portal de Oviedo","Otros Servicios"
"00014518","Portal Universitario sas","Otros Servicios"
"00021469","Portal de Mandalay","Otros Servicios"
"00026436","Habitacional Portal de Castilla","Otros Servicios"
"00023558","Villas del Portal 3","Otros Servicios"
"00006603","Ciudadela del Valle","Otros Servicios"
"00025323","Ciudadela Verde 1","Otros Servicios"
"00013643","Ciudadela Pasoancho Sector1","Otros Servicios"
"00014443","Conjunto Ciudadela Villa Olimpica","Conjuntos residenciales"
"00002408","Ciudadela Seminario Sector a","Otros Servicios"
"00017553","Asonutria Vereda el Triunfo Vereda el Triunfo","Conjuntos residenciales"
"00017407","Agroeconur Vereda Mohechiza Yacuanquer","Conjuntos residenciales"
"00024107","Vereda del Palmar ph","Conjuntos residenciales"
"00005826","Condominio Miramonte ph Vereda Calahorra","Conjuntos residenciales"
"00017301","Vittare Cajica ph Vereda Canelon","Conjuntos residenciales"
"00012956","Modigliani Propiedad Hztl Vereda Calahorra","Conjuntos residenciales"
"00020326","Prosantacruz Vereda San Bernardo Bajo","Conjuntos residenciales"
"00013109","Hacienda sas","Conjuntos residenciales"
"00017333","Pradera Hacienda Campestre","Conjuntos residenciales"
"00025674","Hacienda el Trapiche","Conjuntos residenciales"
"00007276","Hacienda del Bosque","Conjuntos residenciales"
"00010292","Agropecuaria la Hacienda","Conjuntos residenciales"
"00027815","Conjunto Hacienda Girasoles Chia","Conjuntos residenciales"
"00027436","Hacienda los Lagos ph","Conjuntos residenciales"
"00016344","Conjunto Residencial el Verderon 2 Lote a ph","Conjuntos residenciales"
"00014164","Condominio Rincon de Matapalo Rozo Lote 5","Conjuntos residenciales"
"00023545","Tintala ii Lote 3b1 Etapa ii Fasei","Conjuntos residenciales"
"00019040","Terrazas de Oriente ph Lote B Nit 9","Conjuntos residenciales"
"00029598","C R Colina del Norte Lote 7 Parquea","Conjuntos residenciales"
"00013856","Senderos de la Sierra Lote 3 Vip ph","Conjuntos residenciales"
"00017890","Conjunto Esperanza Lote 10 Calle 144 N 81 45","Conjuntos residenciales"
"00009854","Clinica Oat","Impuestos"
"00014684","Clinica Pabon","Impuestos"
"00012105","Clinica Farallones","Impuestos"
"00012959","Clinica Primavera","Impuestos"
"00018869","Clinica Nuevo Monterrey","Impuestos"
"00009582","Clinica del Norte","Impuestos"
"00012350","Fund Hospital San Pedro","Fundaciones"
"00015691","Ese Hospital San Camilo","Otros Servicios"
"00010944","Hospital Universitario San Jose","Otros Servicios"
"00029314","Barco Hospital San Raffaele","Otros Servicios"
"00024830","Hospital Nuestra Senora de los","Otros Servicios"
"00004769","Christus Sinergia Hospital en Casa","Otros Servicios"
"00012000","Fund Hospital San Jose de Buga","Fundaciones"
"00013181","Uae Medicamentos","Otros Servicios"
"00001258","Medicamentos Emes","Otros Servicios"
"00008039","Dist Col de Medicamentos","Otros Servicios"
"00007895","Foscal Farmacia","Otros Servicios"
"00015420","Farmacia Torres","Otros Servicios"
"00013099","Farmacia Drogueria San Jorge","Otros Servicios"
"00030600","Drogueria Telvina","Otros Servicios"
"00012066","Cbs Drogueria","Otros Servicios"
"00024394","Drogueria Veterinaria Santa Elena","Otros Servicios"
"00019586","Drogueria Supermercado Medico sas Cra 43 74 155","Otros Servicios"
"00027343","Droguerias Dao sas","Otros Servicios"
"00006576","Dromax Droguerias Carrera 7 11 31 Local 49","Otros Servicios"
"00003334","Syd Laboratorio","Otros Servicios"
"00007566","Laboratorio Dental","Otros Servicios"
"00001121","Laboratorio Bradyster","Otros Servicios"
"00022020","Chemical Laboratorio sas","Otros Servicios"
"00004439","Sky Laboratorio sa","Otros Servicios"
"00025061","Laboratorio Lmar sas","Otros Servicios"
"00015695","Laboratorio Lenor Zona Franca","Otros Servicios"
"00030503","Ormecops Ips sas","Otros Servicios"
"00005111","Esap","Instituciones Educativas"
"00001634","Emca esp","Otros Servicios"
"00009827","Espucal esp","Otros Servicios"
"00023251","Yaguara esp","Otros Servicios"
"00004932","Coomeva Medicina Prepagada","Otros Servicios"
"00011588","Funda Escuela de Medicina Juan N Co","Instituciones Educativas"